pursue	पीछा	Equivalence	UNK_HI	chase
evacuated	खाली	Equivalence	UNK_HI	empty,blank
gramme	ग्राम	Equivalence	UNK_HI	grams,gram
up	उच्चतर	Equivalence	UNK_HI	higher
illegally	अवैध	Equivalence	UNK_HI	illicit,outlaw,invalid
grassy	घास	Equivalence	UNK_HI	lawn,grass
muddy	कीचड़	Equivalence	UNK_HI	mud,quagmire
somebody	व्यक्ति	Equivalence	UNK_HI	person,individual,individualism
safeguard	रक्षा	Equivalence	UNK_HI	protect,defense,defence
causing	कारण	Equivalence	UNK_HI	reasons,reason,cause,causes
locate	खोज	Equivalence	UNK_HI	searches,search,exploration,discover,discovery
roadway	सड़क	Equivalence	UNK_HI	street,road
ahmedinejad	अहमदीनेजाद	Equivalence	UNK_HI	UNK_EN
hurdle	बैरियर	Equivalence	UNK_HI	UNK_EN
playing	प्ले	Equivalence	UNK_HI	UNK_EN
throw	उछालना	Equivalence	UNK_HI	UNK_EN
works	काम	Equivalence	UNK_HI	work
newspaper	समाचारपत्र	Equivalence	अख़बार,अखबार,समाचारपत्र	newspaper
past	भूतपूर्व	Equivalence	अतीत,पास्ट	ex
request	पूछना	Equivalence	अनुरोध,आग्रह,निवेदन	UNK_EN
others	अन्य	Equivalence	अन्य	other,others
opportunity	मोका	Equivalence	अवसर	UNK_EN
reject	बहिष्कार	Equivalence	अस्वीकार,अस्वीकृत	boycott
last	समाप्त	Equivalence	अंतिम,आखरी,आखिरी,पिछला	finish,end,completed,expires,finished,expired
come	आने	Equivalence	आईये,आइये	UNK_EN
movement	चाल	Equivalence	आन्दोलन,आंदोलन,गति	trick,move,moves
protester	कार्यकर्ता	OtherRelated	आपत्ति	worker
accused	आरोपियों	Equivalence	आरोपी,अभियुक्त	UNK_EN
treatment	उपाय	Equivalence	इलाज,उपचार	measures,remedy
prize	पुरस्कार	Equivalence	ईनाम,इनाम,पुरस्कार	rewards,prize,award,awards,prizes,reward
production	उत्पादन	Equivalence	उत्पादन	production
rise	बढ़ना	Equivalence	उदय,वृद्धि	UNK_EN
favor	समर्थन	Equivalence	उपकार,एहसान	support,endorsements,endorsement
camel	ऊंट	Equivalence	ऊंट,ऊँट	camel
automobile	गाड़ी	Equivalence	ऑटोमोबाइल	car
offer	सौदा	Equivalence	ऑफर,प्रस्ताव	deal
old	वृद्धा	Equivalence	ओल्ड,पुराने,पुरानी,पुराना,वृद्ध,बूढ़ा	UNK_EN
woman	महिला	Equivalence	औरत,नारी,महिला,स्त्री	woman,lady,female
many	बहुत	Equivalence	कई,अनेक	very
severe	शक्तिशाली	OtherRelated	कठोर	powerful
arts	कला	Equivalence	कला	arts,art
car	ऑटोमोबाइल	Equivalence	कार,गाड़ी,गाडी	automobiles,automobile
programme	कार्यक्रम	Equivalence	कार्यक्रम	programs,events,program,event,programme
kid	बच्चा	Equivalence	किड,बच्चा	child,kid
someone	कोई	Equivalence	किसी	koi,any,no
keyboard	कीबोर्ड	Equivalence	कीबोर्ड,कुंजीपटल	keyboard
price	लागत	Equivalence	कीमत,मूल्य,दाम	cost,costs
cap	टोपी	Equivalence	कैप	UNK_EN
try	प्रयास	Equivalence	कोशिश	attempts,effort
quest	खोज	Equivalence	क्वेस्ट	searches,search,exploration,discover,discovery
region	क्षेत्र	Equivalence	क्षेत्र,प्रदेश	area,region,areas
finish	समाप्त	Equivalence	खतम,समाप्ति,समाप्त	finish,end,completed,expires,finished,expired
rabbit	करगोश	Equivalence	खरगोश	UNK_EN
purchase	खरीद	Equivalence	खरीद,खरीदारी,खरीदें	purchase,procurement
fall	कमी	OtherRelated	गिरा,पतझड़,गिरना,गिर,पतन	lack
cluster	समूह	Equivalence	गुच्छ,क्लस्टर	congregation,group,groups
group	समूह	Equivalence	ग्रुप,समूह	congregation,group,groups
group	भीड़	Equivalence	ग्रुप,समूह	crowd,crowded
father	पिता	Equivalence	चचा,बाप,पिता	father
execution	निष्पादित	Equivalence	चलाना,निष्पादन	executing
choose	चुने	Equivalence	चुनें	UNK_EN
warning	चेतावनी	Equivalence	चेतावनी	warnings,warning,alerts,alert
little	छोटा	Equivalence	छोटे,छोटा,लिटिल,छोटी	small,little,short,tiny
leave	खाली	OtherRelated	छोड़ें,छोड़	empty,blank
boy	लड़का	Equivalence	छोरा,लड़का,लडका,बॉय,लड़के	boy
ship	नाव	Equivalence	जहाज,शिप,जलयान	boat
japanese	जापान	Equivalence	जापानी	japan
winning	जीत	Equivalence	जीतना	win,jeet,wins
won	जीत	Equivalence	जीता,जीते,जीती	win,jeet,wins
more	बढ़ना	Equivalence	ज्यादा,आदि,अधिक	UNK_EN
target	लक्ष्य	Equivalence	टार्गेट,टारगेट,लक्ष्य,निशाना	targets,goal,target,goals
trail	पथ	Equivalence	ट्रेल	path,paths
track	पथ	Equivalence	ट्रैक,रील	path,paths
wave	लहर	Equivalence	तरंग,लहर,वेव	wave
picture	तस्वीर	Equivalence	तस्वीर,पिक्चर,चित्र	picture
prepare	योजना	OtherRelated	तैयारी	scheme,plan
rates	लागत	Equivalence	दरें,दरों	cost,costs
rates	मूल्य	Equivalence	दरें,दरों	price,value
decade	दशक	Equivalence	दशक	decade
world	वैश्विक	Equivalence	दुनिया,विश्व,जग,संसार	global
world	अंतरराष्ट्रीय	Equivalence	दुनिया,विश्व,जग,संसार	international
watch	देखना	Equivalence	देखिये,देखना,देखें	viewing,watch
latest	वर्तमान	ReverseEntailment	नवीनतम	current,present
eyes	ऑखों	Equivalence	निगाहों,आँखे,आंखें,आँखें	UNK_EN
death	मृत	Equivalence	निधन,मोत,मृत्यु,मौत	UNK_EN
stone	चट्टान	Equivalence	पत्थर,स्टोन	rock,fossil,cliff
substance	पदार्थ	Equivalence	पदार्थ	matter,material,substance,materials
changes	परिवर्तनो	Equivalence	परिवर्तन	UNK_EN
change	बदलना	Equivalence	परिवर्तन,बदलाव,बदलें	changing,replacement
tire	टायर	Equivalence	पहिया,टायर	tires,tyres,tyre,tire
piece	पट्टी	Equivalence	पीस,टुकड़ा	bar,patti
man	नर	Equivalence	पुरुष,मनुष्य,मैन,आदमी,इन्सान	male
gasoline	गैस	Equivalence	पेट्रोल,गैसोलीन	gas
pack	झुंड	Equivalence	पैक	herd
panel	मंडल	Equivalence	पैनल,पटल,फलक	mandala
feet	पैरो	Equivalence	पैरों,पैर,पाँव,पांव,फ़ुट,फीट	UNK_EN
chief	मालिक	Equivalence	प्रधान,प्रमुख,मुखिया,मुख्य	owner,proprietor
receive	इकट्ठा	Equivalence	प्राप्त	UNK_EN
usually	अक्सर	Equivalence	प्रायः	frequently,often
photograph	तस्वीर	Equivalence	फोटोग्राफ	picture
photographer	फोटोग्राफर	Equivalence	फोटोग्राफर,फ़ोटोग्राफ़र	photographer
photo	फोटो	Equivalence	फोटो,फ़ोटो	photo,photos
photo	चित्र	Equivalence	फोटो,फ़ोटो	picture,pictures,image,images
large	विशाल	Equivalence	बड़े,बड़ा,बड़ी,विशाल	huge,enormous,grandiose,large,massive,vast
increase	विस्तार	Equivalence	बढ़ेगी,वृद्धि,बढ़ाएं,बढ़ाएँ	expansion,extensions,extension,expand
increase	बढ़ने	Equivalence	बढ़ेगी,वृद्धि,बढ़ाएं,बढ़ाएँ	UNK_EN
making	बनाना	Equivalence	बनाने,बनाना	making,creating
waste	ढेर	OtherRelated	बरबाद,बर्बादी,अपशिष्ट,बर्बाद	piles
bike	साइकिल	Equivalence	बाइक,बाईक	bicycles,bicycle
talk	बातचीत	Equivalence	बात	conversations,interaction
building	इमारत	Equivalence	बिल्डिंग,भवन	UNK_EN
illness	रोग	Equivalence	बीमारी	disease
bid	बोली	Equivalence	बोली	bid,bids
monkey	चिम्पांजी	ReverseEntailment	बंदर,बन्दर,मंकी	UNK_EN
magistrate	मजिस्ट्रेट	Equivalence	मजिस्ट्रेट	magistrate
help	सहायता	Equivalence	मदद,सहायता	help,support,aid,assistance
mouse	माउस	Equivalence	माउस,मूषक,चूहा	mouse
match	खेल	ReverseEntailment	माचिस,मिलाएँ,मिलान,मैच	play,sports,game,games,sport
mixture	मिश्रण	Equivalence	मिश्रण	mix,mixture,blend
money	कैश	Equivalence	मुद्रा,मनी,पैसा,पैसे,धन	cache
trouble	संकट	Equivalence	मुसीबत,परेशानी,ट्रबल	menace,crisis
smile	मुस्कुराओ	Equivalence	मुस्कुराहट,स्माइल,मुस्कान	UNK_EN
european	यूरोप	Equivalence	यूरोपियाई,यूरोपीय	europe
revenue	कमाई	Equivalence	राजस्व,आय	earning,earnings
national	देश	Equivalence	राष्टीय,राष्ट्रीय,नेशनल	country,nation,countries
road	पथ	Equivalence	रोड,सड़क	path,paths
girls	बालिकाओं	Equivalence	लड़कियां,लड़कियाँ,लड़कियों	UNK_EN
people	मानव	Equivalence	लोग,लोगों	human
people	मनुष्य	Equivalence	लोग,लोगों	human,man
statement	टिप्पणी	Equivalence	वक्तव्य,स्टेटमेंट,कथन,बयान	comment,notes,comments
win	विजय	Equivalence	विन,जीत	vijay,victory
win	जीत	Equivalence	विन,जीत	win,jeet,wins
airplane	विमान	Equivalence	विमान,वायुयान	aviation,aircraft,vimana,airplane
huge	बड़े	Equivalence	विशाल	large,big
worldwide	वैश्विक	Equivalence	विश्वव्यापी	global
explosion	विस्फोट	Equivalence	विस्फोटक,विस्फोट	explosion,explosions
woods	जंगल	Equivalence	वुड्स	jungle,forest
growth	लाभ	Equivalence	वृद्धि,विकास	benefits,advantage,profit,benefit,advantages,gain
growth	बढ़ने	Equivalence	वृद्धि,विकास	UNK_EN
shooter	डकैत	OtherRelated	शूटर	dacoits
street	सड़क	Equivalence	सड़क,गली	street,road
plane	विमान	Equivalence	समतल,प्लेन	aviation,aircraft,vimana,airplane
snake	साँप	Equivalence	सर्प,सांप,नाग,स्नेक,साँप	snake
right	दायें	Equivalence	सही	UNK_EN
bicycle	बाइक	Equivalence	साइकिल,सायकिल	bikes,bike
services	सर्विस	Equivalence	सेवाएँ,सेवाएं	serviced
child	बच्चा	Equivalence	संतति,बालक,बच्चा,बच्चे,चाइल्ड	child,kid
likely	उपयुक्त	OtherRelated	संभावना,संभावित	aligned,appropriate,suitable
store	दुकान	Equivalence	स्टोर	shop
slice	काटना	Equivalence	स्लाइस,टुकड़ा	chop,bite,curtail
slice	टुकड़ा	Equivalence	स्लाइस,टुकड़ा	fragment,piece,slice,blurs
achieved	हासिल	Equivalence	हासिल	achieved
avalanche	हिमस्खलन	Equivalence	हिमस्खलन	avalanche
hat	टोपी	Equivalence	हैट	UNK_EN
hang	निष्पादित	ForwardEntailment	हैंग	executing
hall	फ़ोयर	Equivalence	हॉल	UNK_EN
couch	बिस्तर	Exclusion	UNK_HI	bed
baby	लड़की	Exclusion	UNK_HI	chick,girl
perform	नृत्य	ReverseEntailment	UNK_HI	dance
peacekeeping	आपदा	Exclusion	UNK_HI	disaster
up	नीचे	Exclusion	UNK_HI	down,below,bottom
towards	दूर	Exclusion	UNK_HI	far,away,distant,farther
kidnap	बंधक	OtherRelated	UNK_HI	hostage,mortgage
cent	निकल	Exclusion	UNK_HI	nickel
spill	तेल	OtherRelated	UNK_HI	oil
nobody	व्यक्ति	Exclusion	UNK_HI	person,individual,individualism
up	चोटी	OtherRelated	UNK_HI	pinnacle
uk	स्विट्जरलैंड	Exclusion	UNK_HI	switzerland
go	आइए	Exclusion	UNK_HI	UNK_EN
newspaper	टिप्पणी	Exclusion	अख़बार,अखबार,समाचारपत्र	comment,notes,comments
actress	अभिनेता	Exclusion	अदाकारा,अभिनेत्री	actors,actor
unsafe	सुरक्षित	Exclusion	असुरक्षित	protected,safe,reserved,secure
protester	शांति	Exclusion	आपत्ति	peace
import	निर्यात	Exclusion	आयात	exports,export
indonesia	इंडिया	Exclusion	इंडोनेशिया	india
top	तल	Exclusion	उपर,ऊपर,टॉप,शीर्ष	floor,bottom
woman	लड़की	Exclusion	औरत,नारी,महिला,स्त्री	chick,girl
woman	आदमी	Exclusion	औरत,नारी,महिला,स्त्री	man
car	साइकिल	Exclusion	कार,गाड़ी,गाडी	bicycles,bicycle
glass	कटोरा	Exclusion	काँच,काच,गिलास,ग्लास,कांच	bowl
kid	बच्चा	Exclusion	किड,बच्चा	child,kid
jump	चढना	Exclusion	कूद,जम्प	climbers
korea	अमेरिका	Exclusion	कोरिया,कोरियाई	america
korea	कनाडा	Exclusion	कोरिया,कोरियाई	canada
korea	ईरान	Exclusion	कोरिया,कोरियाई	iran
colombian	बोगोटा	ReverseEntailment	कोलम्बियाई	bogota
query	उत्तर	Exclusion	क्वेरी,प्रश्न,क्वैरी	answer,north,answers
standing	सीट	Exclusion	खड़ी,खड़े,खड़ा	seat
dark	रोशनी	Exclusion	गहरा,अंधेरा	lights,light
singing	पढ़ना	Exclusion	गाना,गायकों,गायन	reading
ground	दीवार	Exclusion	ग्राउंड,जमीन,मैदान	wall
father	बेटी	Exclusion	चचा,बाप,पिता	daughter
little	बच्चा	ReverseEntailment	छोटे,छोटा,लिटिल,छोटी	child,kid
little	विशाल	Exclusion	छोटे,छोटा,लिटिल,छोटी	huge,enormous,grandiose,large,massive,vast
boy	आदमी	Exclusion	छोरा,लड़का,लडका,बॉय,लड़के	man
germany	फ्रांस	Exclusion	जर्मनी	france
tennis	फुटबॉल	Exclusion	टेनिस	football
dim	उज्ज्वल	Exclusion	डिम	bright
dog	बिल्ली	Exclusion	डॉग,कुत्ता,कुत्ते,श्वान	cat
star	आकाश	Exclusion	तारा,तारे,तारक,तारों,स्टार	firmament,empyrean,heavens,sky
south	पूर्व	Exclusion	दक्षिणी,साउथ,दक्षिण	east,ex,former
show	छिपाना	Exclusion	दिखाओ,शो,दिखाएं,दिखाएँ	UNK_EN
sad	खुश	Exclusion	दुखी,सैड,दुखद,उदास	amused,happy
groom	दुल्हन	Exclusion	दूल्हा,दूल्हे	bride
give	प्राप्त	Exclusion	दे	obtained,received,receive
luxembourg	कोरिया	Exclusion	ध्वज	korea
river	झील	Exclusion	नदी	lake
new	इतिहास	Exclusion	नया,नई	history
november	जनवरी	Exclusion	नवंबर,नवम्बर	january
remove	डाल	Exclusion	निकालें,हटाएँ	cast,fling
lowest	उच्च	Exclusion	निम्नतम,न्यूनतम	high,sublime
director	अभिनेता	Exclusion	निर्देशक,निदेशक	actors,actor
resident	समुदाय	Exclusion	निवासी	communities,community
netherlands	जर्मनी	Exclusion	नीदरलैंड,नीदरलैंड्स	german,germany
blue	काली	Exclusion	नीला,डीलक्स,ब्लू	kali
loss	कमाई	Exclusion	नुकसान,घाटा	earning,earnings
stone	भूमि	Exclusion	पत्थर,स्टोन	land
wife	बेटा	Exclusion	पत्नी,बीवी	beta,son
west	पूर्व	Exclusion	पश्चिम,वेस्ट	east,ex,former
yellow	सफेद	Exclusion	पीला	white
man	लड़का	Exclusion	पुरुष,मनुष्य,मैन,आदमी,इन्सान	boy
man	बच्चा	Exclusion	पुरुष,मनुष्य,मैन,आदमी,इन्सान	child,kid
man	बेटी	Exclusion	पुरुष,मनुष्य,मैन,आदमी,इन्सान	daughter
man	महिला	Exclusion	पुरुष,मनुष्य,मैन,आदमी,इन्सान	woman,lady,female
push	खींचें	Exclusion	पुश,दबाएँ,धक्का	stretch,drag,draw
pool	सागर	Exclusion	पूल	sagar,sea
paris	जिनेवा	Exclusion	पैरिस,पेरिस	geneva
punch	लात	Exclusion	पंच	kick
provider	बाजार	Exclusion	प्रदाता	bazaar,markets,market
effects	कारण	Exclusion	प्रभाव	reasons,reason,cause,causes
question	उत्तर	Exclusion	प्रश्न,सवाल	answer,north,answers
palestinian	यहूदी	Exclusion	फिलीस्तीनी	jewish,hebrew,jews,yiddish
full	खाली	Exclusion	फुल,पूर्ण,पूरा	empty,blank
fail	सक्षम	Exclusion	फेल,असफल	enabled,capable
france	ब्रिटेन	Exclusion	फ्रांस,फ़्रांस	britain,uk
increase	कमी	Exclusion	बढ़ेगी,वृद्धि,बढ़ाएं,बढ़ाएँ	lack
ice	हिमस्खलन	Exclusion	बर्फ़,आइस,बर्फ	avalanche
very	थोड़ा	Exclusion	बहुत	slightly
talk	शब्द	OtherRelated	बात	word,words
bucket	टोकरी	Exclusion	बाल्टी	basket
sit	रन	Exclusion	बैठ,बैठो,बैठने,बैठना	runs
indian	अंग्रेजों	Exclusion	भारतीय	british
hunger	पेय	Exclusion	भूख	beverage,drink,beverages,drinks
march	जुलाई	Exclusion	मार्च,कूच	july
mother	बच्चा	Exclusion	माँ	child,kid
mother	पिता	Exclusion	माँ	father
original	प्रतिलिपि	Exclusion	मूल,मौलिक,असली	UNK_EN
mexico	ग्वाटेमाला	Exclusion	मेक्सिको,मैक्सिको	guatemala
yuan	डॉलर	Exclusion	युआन	dollars,dollar
young	बुज़ुर्ग	Exclusion	युवा,जवान,यंग	UNK_EN
writer	किताब	OtherRelated	रचनाकार,राइटर,लेखक	book
revenue	लागत	Exclusion	राजस्व,आय	cost,costs
night	सुबह	Exclusion	रात,रात्रि	morning
release	रोकना	Exclusion	रिलीज़,रिलीज	UNK_EN
light	अंधेरा	Exclusion	रोशनी,प्रकाश,हल्का,लाइट	dark,darkness
girl	महिला	Exclusion	लडकी,लड़की	woman,lady,female
red	नीला	Exclusion	लाल,रेड	blue
lady	लड़का	Exclusion	लेडी,महिला	boy
word	बातचीत	Exclusion	वर्ड,शब्द	conversations,interaction
water	तेल	Exclusion	वाटर,पानी,जल	oil
video	किताब	Exclusion	विडियो,वीडियो	book
win	हार	Exclusion	विन,जीत	necklace,defeat
various	कुछ	Exclusion	विभिन्न	some,something
saturday	शुक्रवार	Exclusion	शनिवार	friday,fridays
rock	नृत्य	Exclusion	शैल,रॉक,चट्टान	dance
shop	काउंटर	Exclusion	शॉप,दुकान,दूकान	counter
white	काली	Exclusion	सफेद,सफ़ेद,श्वेत	kali
same	अन्य	Exclusion	समान,वही	other,others
seas	नदी	Exclusion	समुद्र,समंदर	river
riding	बाइक	Exclusion	सवारी	bikes,bike
right	बाएं	Exclusion	सही	left
years	लोग	Exclusion	सालों,वर्ष,साल,वर्षों,सालो	people
suit	पोशाक	Exclusion	सूट	dress,dresses
sun	पृथ्वी	Exclusion	सूरज,रवि,सन,सूर्य	earth
walk	खड़ा	Exclusion	सैर,चलना	standing,vertically,vertical
soccer	बेसबॉल	Exclusion	सॉकर	baseball
possible	होना	Exclusion	संभव,संभावित	UNK_EN
stand	गिरना	Exclusion	स्टैंड	falling,fall
stand	बैठिये	Exclusion	स्टैंड	UNK_EN
spain	बेल्जियम	Exclusion	स्पेन	belgium
spain	जर्मनी	Exclusion	स्पेन	german,germany
spain	यूनान	Exclusion	स्पेन	greece
sweden	डेनमार्क	Exclusion	स्वीडिश,स्वीडन	denmark
green	नीला	Exclusion	हरित,हरी,हरा,ग्रीन	blue
hand	चेहरा	Exclusion	हाथ	face
kitten	बिल्ली	ForwardEntailment	UNK_HI	cat
baby	बच्चा	Equivalence	UNK_HI	child,kid
toddler	बच्चा	ForwardEntailment	UNK_HI	child,kid
shaanxi	चीन	ForwardEntailment	UNK_HI	china
ibm	कंपनी	ForwardEntailment	UNK_HI	company
reduce	नियंत्रण	ForwardEntailment	UNK_HI	control,controls
israeli	देश	ForwardEntailment	UNK_HI	country,nation,countries
rmb	मुद्रा	ForwardEntailment	UNK_HI	currency,pose,money
spokeswoman	प्रतिनिधि	ForwardEntailment	UNK_HI	delegate,representative,representatives
fallujah	शहर	ForwardEntailment	UNK_HI	downtown,city,cities
sofa	फर्नीचर	ForwardEntailment	UNK_HI	furniture
sledgehammer	हथौड़ा	ForwardEntailment	UNK_HI	hammer
frontieres	सीमा	ForwardEntailment	UNK_HI	limit,sima,border,range,limits
troop	सैन्य	ForwardEntailment	UNK_HI	military
peacekeeping	मिशन	ForwardEntailment	UNK_HI	mission,missions
topless	नंगा	ForwardEntailment	UNK_HI	naked,nude,nanga
uk	राष्ट्रीय	ForwardEntailment	UNK_HI	national
hillside	पहाड़ी	Equivalence	UNK_HI	pahari,hill
mountainside	पहाड़ी	Equivalence	UNK_HI	pahari,hill
guy	व्यक्ति	ForwardEntailment	UNK_HI	person,individual,individualism
perform	संगीत	ReverseEntailment	UNK_HI	sangeet,music
guardsman	रक्षक	ForwardEntailment	UNK_HI	saviour,savior
wipe	स्वच्छ	ForwardEntailment	UNK_HI	translucent
sofa	कुरसी	ForwardEntailment	UNK_HI	UNK_EN
warn	कहना	ForwardEntailment	UNK_HI	UNK_EN
newspaper	कंपनी	ForwardEntailment	अख़बार,अखबार,समाचारपत्र	company
officer	सरकार	ForwardEntailment	अधिकारी	govt,creeps,government
official	आयोग	ForwardEntailment	अधिकारी,सरकारी,आधिकारिक	commissions,commission
research	जांच	ForwardEntailment	अनुसंधान,शोध	probe,examine,investigation,test
research	नवोन्मेष	ForwardEntailment	अनुसंधान,शोध	UNK_EN
measure	आकलन	ForwardEntailment	अन्दाज़,माप	assessments,conjecture
economist	अर्थशास्त्र	ForwardEntailment	अर्थशास्त्री	economics
last	भूतपूर्व	ForwardEntailment	अंतिम,आखरी,आखिरी,पिछला	ex
today	रोज	ForwardEntailment	आज	rose,everyday,daily
today	पहर	ForwardEntailment	आज	UNK_EN
suicide	हत्या	ForwardEntailment	आत्महत्या	assassination,murder,killing,slay
army	सैन्य	ForwardEntailment	आर्मी,फ़ौज,सेना,फौज	military
israelis	इजराइल	ForwardEntailment	इजरायल	UNK_EN
italy	यूरोपीय	ForwardEntailment	इटली	europe,european
iraq	अंतरराष्ट्रीय	ForwardEntailment	इराक,इराक़,ईराक,इराकी	international
internet	वेब	ForwardEntailment	इंटरनेट,इन्टरनेट,अंतरजाल	web
fuel	ऊर्जा	ForwardEntailment	ईंधन	energy
assault	अपमानजनक	ForwardEntailment	उत्पीड़न	derogatory
park	बगीचा	ForwardEntailment	उद्यान,पार्क	garden
novel	किताब	ForwardEntailment	उपन्यास,अनोखा	book
unite	शामिल	ForwardEntailment	एकजुट	involved,includes,included,include
monopoly	प्रमुख	ForwardEntailment	एकाधिकार	chief,major,main
apple	उत्पाद	ForwardEntailment	एप्पल,सेब,ठहराना	product,products
asian	एशिया	ForwardEntailment	एशियाई	asia
australian	ऑस्ट्रेलिया	ForwardEntailment	ऑस्ट्रेलियाई	australia
woman	व्यक्ति	ForwardEntailment	औरत,नारी,महिला,स्त्री	person,individual,individualism
shirt	कपड़ा	ForwardEntailment	कमीज,शर्ट,कमीज़	textile,fabric,textiles
kashmir	इंडिया	ForwardEntailment	कश्मीरी,कश्मीर,कश्मीरियों,काश्मीर	india
kazakhstan	देश	ForwardEntailment	क़ाज़ाक़स्तान	country,nation,countries
car	वाहन	ForwardEntailment	कार,गाड़ी,गाडी	vehicles,vehicle
kill	आक्रमण	ForwardEntailment	किल,मारो,मार	invasion,attack
teenager	लड़का	OtherRelated	किशोरावस्था	boy
teenager	बच्चा	ForwardEntailment	किशोरावस्था	child,kid
teens	लड़का	OtherRelated	किशोरों,किशोर	boy
kenya	अफ्रीका	ForwardEntailment	केन्या,कीनिया	africa
revolutionary	सुधार	ForwardEntailment	क्रांतिकारी	improvements,correction,reform,improvement
cricketer	खिलाड़ी	ForwardEntailment	क्रिकेटर	players,athlete,player
crash	आपातकालीन	ForwardEntailment	क्रेश,क्रैश	emergency
window	विंडोज	Equivalence	खिडकी,विंडो,खिड़की	UNK_EN
sing	प्रदर्शन	ForwardEntailment	गा,गाओ	performance,performances,display,exposure
greek	यूनान	ForwardEntailment	ग्रीक,यूनानी	greece
cuba	देश	ForwardEntailment	घन,क्यूबा	country,nation,countries
valley	क्षेत्र	ForwardEntailment	घाटी	area,region,areas
grass	खेत	ForwardEntailment	घास,ग्रास	farm
lawn	घास	ForwardEntailment	घास,लॉन	lawn,grass
run	प्ले	ForwardEntailment	चला,चलाएँ,चलेगी,चलाएं	UNK_EN
chinese	चीन	ForwardEntailment	चीनी,चाइनीज	china
stick	खंभा	ForwardEntailment	छड़ी,स्टिक	abutment
stick	डाली	ForwardEntailment	छड़ी,स्टिक	dali
skip	छलांग	ForwardEntailment	छोड़ें,छोड़	leap
boy	बच्चा	ForwardEntailment	छोरा,लड़का,लडका,बॉय,लड़के	child,kid
representative	सरकार	ForwardEntailment	जनप्रतिनिधि,प्रतिनिधि	govt,creeps,government
german	यूरोपीय	ForwardEntailment	जर्मन,जर्मनी	europe,european
forest	वातावरण	ForwardEntailment	जंगल,वनों,वन	environment,atmosphere
fight	लड़ाई	ForwardEntailment	झगडा,लड़ाई,लड़ो	battle,fight
telephone	कॉल	ForwardEntailment	टेलिफोन,टेलीफ़ोन,दूरभाष,टेलीफोन	call,calls
telephone	युक्ति	ForwardEntailment	टेलिफोन,टेलीफ़ोन,दूरभाष,टेलीफोन	device,tip,devices
tokyo	जापान	ForwardEntailment	टोक्यो,टोकियो	japan
tokyo	जापानी	ForwardEntailment	टोक्यो,टोकियो	japan,japanese
track	सड़क	ForwardEntailment	ट्रैक,रील	street,road
trunk	गाड़ी	ForwardEntailment	ट्रंक	car
dell	कंप्यूटर	ForwardEntailment	डेल	computer,computers
dollar	मुद्रा	ForwardEntailment	डॉलर,डालर	currency,pose,money
trick	छल	ForwardEntailment	तरकीब,चाल,ट्रिक,स्वांग	harassment,guile
turk	लोग	ForwardEntailment	तुर्क	people
oil	तरल	ForwardEntailment	तेल,ऑयल,आयल	fluid,liquid
tehran	ईरान	ForwardEntailment	तेहरान	iran
decade	समय	ForwardEntailment	दशक	timing,time
race	प्रतियोगिता	ForwardEntailment	दौड़,जाति,रेस	competition,contest
evangelical	चर्च	ForwardEntailment	धर्मान्तरण	churches,church
wash	ब्रश	ForwardEntailment	धुलाई,धो	brush
map	मार्गदर्शक	ForwardEntailment	नक्शा,मानचित्र,मैप	guide
naval	सैन्य	ForwardEntailment	नवल	military
nigeria	अफ्रीका	ForwardEntailment	नाइजीरिया,सीरियल	africa
resident	आदमी	ForwardEntailment	निवासी	man
resident	लोग	ForwardEntailment	निवासी	people
notebook	कंप्यूटर	ForwardEntailment	नोटबुक,कोपी	computer,computers
nobel	पुरस्कार	ForwardEntailment	नोबेल	rewards,prize,award,awards,prizes,reward
dress	कपड़ा	ForwardEntailment	परिधान,ड्रेस,पोशाक	textile,fabric,textiles
tourist	लोग	ForwardEntailment	पर्यटक	people
purse	बैग	ForwardEntailment	पर्स	bag,bags
parts	क्षेत्र	ForwardEntailment	पार्ट्स,भाग	area,region,areas
piece	वस्तु	ForwardEntailment	पीस,टुकड़ा	item,material,object,objects
older	आयु	ForwardEntailment	पुराने,पुराना,वृद्ध,पुरानी	ayu,longevity,age,ages
man	जानवर	ForwardEntailment	पुरुष,मनुष्य,मैन,आदमी,इन्सान	beast,animals,animal
man	दोस्त	ForwardEntailment	पुरुष,मनुष्य,मैन,आदमी,इन्सान	buddy,friend
man	मानव	ForwardEntailment	पुरुष,मनुष्य,मैन,आदमी,इन्सान	human
man	मनुष्य	ForwardEntailment	पुरुष,मनुष्य,मैन,आदमी,इन्सान	human,man
man	नर	ForwardEntailment	पुरुष,मनुष्य,मैन,आदमी,इन्सान	male
police	आधिकारिक	ForwardEntailment	पुलिस	official
policeman	पुलिस	ForwardEntailment	पुलिसकर्मी,पुलिसवाला	police
policeman	पहरा	ForwardEntailment	पुलिसकर्मी,पुलिसवाला	UNK_EN
inquiry	जानकारी	ForwardEntailment	पूछताछ	info,information
gasoline	ऊर्जा	ForwardEntailment	पेट्रोल,गैसोलीन	energy
pack	समूह	ForwardEntailment	पैक	congregation,group,groups
sidewalk	फुटपाथ	ForwardEntailment	पैदल,पैदलपथ	footpath
sidewalk	सड़क	ForwardEntailment	पैदल,पैदलपथ	street,road
polio	महामारी	ForwardEntailment	पोलियो	epidemics,epidemic
mud	गंदगी	ForwardEntailment	पंक,कीचड़,मिट्टी	filth
provider	कंपनी	ForwardEntailment	प्रदाता	company
president	संघीय	ForwardEntailment	प्रदेशाध्यक्ष,राष्ट्रपति,अध्यक्ष	federal
president	राजनीतिक	ForwardEntailment	प्रदेशाध्यक्ष,राष्ट्रपति,अध्यक्ष	political,rajkot
spokesman	आधिकारिक	ForwardEntailment	प्रवक्ता	official
province	क्षेत्र	ForwardEntailment	प्रान्त,प्रांतों,प्रांत	area,region,areas
sponsor	व्यक्ति	ForwardEntailment	प्रायोजक	person,individual,individualism
fur	कोट	OtherRelated	फर	quote,coat
finland	देश	ForwardEntailment	फ़िनलैंड,फिनलैंड	country,nation,countries
filmmaker	फ़िल्म	ForwardEntailment	फिल्मकार	movie,film
form	बनना	ForwardEntailment	फ़ॉर्म,प्रपत्र,फॉर्म,फार्म,रूप	UNK_EN
phone	युक्ति	ForwardEntailment	फ़ोन,फोन	device,tip,devices
fry	रसोइया	OtherRelated	फ्राई,भून	UNK_EN
french	फ्रांस	ForwardEntailment	फ़्रेंच,फ़्रांसीसी,फ्रांसीसी,फ्रेंच	france
duck	चिड़िया	ForwardEntailment	बत्तख,डक,बतख	bird
beer	शराब	ForwardEntailment	बीयर,बियर	alcohol,wine
daughter	बच्चा	ForwardEntailment	बेटी	child,kid
baseball	गेंद	ForwardEntailment	बेसबॉल	ball
gun	हथियार	ForwardEntailment	बंदूक,गन	weapons,weapon
brussels	बेल्जियम	ForwardEntailment	ब्रुसेल्स,ब्रसेल्स	belgium
indian	इंडिया	ForwardEntailment	भारतीय	india
month	दिन	ForwardEntailment	महीना,महीने,माह	day,daytime,days
marijuana	दवा	ForwardEntailment	मारिजुआना	medicine,medication
mother	वयस्क	ForwardEntailment	माँ	adult,mature
mother	महिला	ForwardEntailment	माँ	woman,lady,female
mitsubishi	कंपनी	ForwardEntailment	मित्सुबिशी	company
security	चेतावनी	ForwardEntailment	मिलावट,सुरक्षा	warnings,warning,alerts,alert
mixer	मिश्रण	ForwardEntailment	मिश्रित,मिक्सर	mix,mixture,blend
mouth	चेहरा	ForwardEntailment	मुख,मुह,मुंह,मुँह	face
monitor	देखना	ForwardEntailment	मॉनीटर,मॉनिटर	viewing,watch
mogadishu	राजधानी	ForwardEntailment	मोगादीशू	capitals,capital
motorcycle	बाइक	ForwardEntailment	मोटरसाइकल,मोटरसाइकिल	bikes,bike
yuan	मुद्रा	ForwardEntailment	युआन	currency,pose,money
war	संघर्ष	ForwardEntailment	युद्ध	antagonism,strife,struggle,conflict
war	विवाद	ForwardEntailment	युद्ध	controversy,disputes,dispute
ukraine	देश	ForwardEntailment	यूक्रेन,युक्त	country,nation,countries
unit	सैन्य	ForwardEntailment	यूनिट,इकाई,ईकाई	military
uniform	कपड़ा	ForwardEntailment	यूनिफॉर्म,यूनिफार्म,वर्दी	textile,fabric,textiles
euro	सिक्का	ForwardEntailment	यूरो,यूरोपियन	coin
return	आइए	ForwardEntailment	रिटर्न,वापसी	UNK_EN
report	दस्तावेज़	ForwardEntailment	रिपोर्ट,रपट	docs,document,documents,doc
report	अखबार	ForwardEntailment	रिपोर्ट,रपट	newspaper
release	मुक्त	ForwardEntailment	रिलीज़,रिलीज	free
raid	आक्रमण	ForwardEntailment	रेड	invasion,attack
girl	बच्चा	ForwardEntailment	लडकी,लड़की	child,kid
folk	संस्कृति	ForwardEntailment	लोक	culture
people	समूह	ForwardEntailment	लोग,लोगों	congregation,group,groups
london	अंग्रेजों	ForwardEntailment	लंदन	british
year	अवधि	ForwardEntailment	वर्ष,साल	duration,period,periods
object	टुकड़ा	ForwardEntailment	वस्तु,ऑब्जेक्ट	fragment,piece,slice,blurs
wind	वायु	ForwardEntailment	वायु,पवन,विंड,हवा	wind,air
winner	विजय	ForwardEntailment	विजेता	vijay,victory
financial	कंपनी	ForwardEntailment	वित्तीय	company
massive	विशाल	Equivalence	विशाल	huge,enormous,grandiose,large,massive,vast
explosion	आक्रमण	ForwardEntailment	विस्फोटक,विस्फोट	invasion,attack
tree	जंगल	ForwardEntailment	वृक्ष,ट्री,पेड़	jungle,forest
tree	पौधा	Equivalence	वृक्ष,ट्री,पेड़	plant
person	लोग	ForwardEntailment	व्यक्ति	people
bed	शयनकक्ष	ForwardEntailment	शय्या,पलंग,बिस्तर	dorm,bedroom
weapon	बंदूक	ReverseEntailment	शस्त्र,शस्त्रों,हथियार	gun
weapon	राइफल	ReverseEntailment	शस्त्र,शस्त्रों,हथियार	rifle
weapon	शस्त्रागार	ForwardEntailment	शस्त्र,शस्त्रों,हथियार	UNK_EN
city	क्षेत्र	ForwardEntailment	शहर,सिटी,नगर	area,region,areas
street	सड़क	ForwardEntailment	सड़क,गली	street,road
member	सभा	ForwardEntailment	सदस्य	congregation,assembly,gathering,sabha
white	रंग	ForwardEntailment	सफेद,सफ़ेद,श्वेत	color,colours,colors,colour
winter	मौसम	ForwardEntailment	सर्दियों,सर्दियाँ,सर्दी,शीत	seasons,weather,season
cyprus	देश	ForwardEntailment	साइप्रस	country,nation,countries
sea	पृथ्वी	ForwardEntailment	सागर,समुद्र	earth
together	समूह	ForwardEntailment	साथ	congregation,group,groups
partner	सदस्य	ForwardEntailment	साथी,पार्टनर,साझेदार,संगी	member,subscriber,subscribers,members
public	समूह	ForwardEntailment	सार्वजनिक,जनता,लोक,पब्लिक	congregation,group,groups
sydney	ऑस्ट्रेलिया	ForwardEntailment	सिडनी	australia
senate	समिति	ForwardEntailment	सीनेट	committee
reform	परिवर्तन	ForwardEntailment	सुधार	conversion,transition,changes,transformation,change
golden	सोना	ForwardEntailment	सुनहरा,गोल्डन,सुनहरी	sona,gold
tunnel	ट्यूब	ForwardEntailment	सुरंग,टनल	tube
soldier	सेना	ForwardEntailment	सैनिक,सिपाही	armies,sena,army
troops	सैन्य	ForwardEntailment	सैनिकों	military
soda	पेय	ForwardEntailment	सोडा	beverage,drink,beverages,drinks
monday	दिन	ForwardEntailment	सोमवार	day,daytime,days
musician	कलाकार	ForwardEntailment	संगीतकार	artists,artist
operations	सैन्य	ForwardEntailment	संचालन,परिचालन	military
child	बच्चा	ForwardEntailment	संतति,बालक,बच्चा,बच्चे,चाइल्ड	child,kid
scotland	देश	ForwardEntailment	स्कॉटलैंड	country,nation,countries
snowball	गेंद	ForwardEntailment	स्नोबॉल	ball
slip	गिरना	ForwardEntailment	स्लिप	falling,fall
slovenian	स्लोवेनिया	ForwardEntailment	स्लोवेनियाई	slovenia
swimming	स्नान	ForwardEntailment	स्विमिंग,तैरना,तैराकी	bathing,bath
swedish	देश	ForwardEntailment	स्वीडिश	country,nation,countries
sweden	यूरोपीय	ForwardEntailment	स्वीडिश,स्वीडन	europe,european
thousand	अनेक	ForwardEntailment	हज़ार,हजार	many,several,multiple
recent	अवधि	ForwardEntailment	हालिया,हाल	duration,period,periods
violence	बल	ForwardEntailment	हिंसा	force
heroin	दवा	OtherRelated	हेरोइन	medicine,medication
horse	जानवर	ForwardEntailment	हॉर्स,घोड़ी,घोड़ो,घोड़े,घोड़ा	beast,animals,animal
hole	क्षति	ForwardEntailment	होल,छेद	damage
playing	गेंद	OtherRelated	UNK_HI	ball
throw	गेंद	OtherRelated	UNK_HI	ball
playing	बच्चा	OtherRelated	UNK_HI	child,kid
manufacture	कंपनी	OtherRelated	UNK_HI	company
share	कंपनी	OtherRelated	UNK_HI	company
prevent	नियंत्रण	OtherRelated	UNK_HI	control,controls
propose	लागत	OtherRelated	UNK_HI	cost,costs
suffer	क्षति	OtherRelated	UNK_HI	damage
die	मौत	OtherRelated	UNK_HI	death
reelect	चुनाव	OtherRelated	UNK_HI	elections,choices,election,choice
financing	वित्त	OtherRelated	UNK_HI	finance
waters	मछुआरों	OtherRelated	UNK_HI	fishermen
strongly	बल	OtherRelated	UNK_HI	force
forming	प्रपत्र	OtherRelated	UNK_HI	form
uk	सरकार	OtherRelated	UNK_HI	govt,creeps,government
put	पकड़	OtherRelated	UNK_HI	grip
sledge	हथौड़ा	OtherRelated	UNK_HI	hammer
provide	मदद	OtherRelated	UNK_HI	help
inviting	शामिल	OtherRelated	UNK_HI	involved,includes,included,include
mixing	मिक्सर	OtherRelated	UNK_HI	mix,mixer
spacecraft	नासा	OtherRelated	UNK_HI	nasa
playing	खिलाड़ी	OtherRelated	UNK_HI	players,athlete,player
gamer	खेल	OtherRelated	UNK_HI	play,sports,game,games,sport
profits	आय	OtherRelated	UNK_HI	revenue,earnings,income
share	बिक्री	OtherRelated	UNK_HI	sales,sale
propose	योजना	OtherRelated	UNK_HI	scheme,plan
tactics	योजना	OtherRelated	UNK_HI	scheme,plan
works	सर्विस	OtherRelated	UNK_HI	serviced
snowy	हिमपात	OtherRelated	UNK_HI	snowfall
bomber	आत्महत्या	OtherRelated	UNK_HI	suicide
shoot	बन्दूक	OtherRelated	UNK_HI	UNK_EN
newspaper	रोज	OtherRelated	अख़बार,अखबार,समाचारपत्र	rose,everyday,daily
good	लाभ	OtherRelated	अच्छे,गुड,शुभ	benefits,advantage,profit,benefit,advantages,gain
pay	लागत	OtherRelated	अदा	cost,costs
settlement	मामला	OtherRelated	अधिवास,निपटान,उपनिवेश	case
presidential	चुनाव	OtherRelated	अध्यक्षीय	elections,choices,election,choice
measure	प्रभाव	OtherRelated	अन्दाज़,माप	impact,effects,influences,effect
measure	स्तर	OtherRelated	अन्दाज़,माप	levels,level
infrastructure	निर्माण	OtherRelated	अवसंरचना	creation,construction,build,manufacturing
state	यूरोप	OtherRelated	अवस्था,स्टेट,स्थिति,राज्य	europe
state	संसद	OtherRelated	अवस्था,स्टेट,स्थिति,राज्य	parliament
state	कार्यालय	OtherRelated	अवस्था,स्टेट,स्थिति,राज्य	work,offices,office
score	हराना	OtherRelated	अंक,स्कोर	UNK_EN
fireplace	आग	OtherRelated	अंगीठी	fire
english	इंगलैंड	ForwardEntailment	अंग्रेज,अंग्रेजी,अंग्रेज़ी	UNK_EN
interim	शासी	OtherRelated	अंतरिम	governing
international	सीमा	OtherRelated	अंतर्राष्ट्रीय,अन्तर्राष्ट्रीय,अंतरराष्ट्रीय	limit,sima,border,range,limits
terrorist	आक्रमण	OtherRelated	आतंकवादी	invasion,attack
terrorist	आतंक	OtherRelated	आतंकवादी	terror,terrorism
suicide	बम	OtherRelated	आत्महत्या	bam,bomb,bombs
suicide	बमवर्षक	OtherRelated	आत्महत्या	bombers
army	बंदूक	OtherRelated	आर्मी,फ़ौज,सेना,फौज	gun
storm	हिमपात	OtherRelated	आंधी,तूफान,तूफ़ान	snowfall
israel	इजरायल	Equivalence	इज़राइल,इजरायल,इसराइल,इसराईल	israel,israelis
history	प्राचीन	OtherRelated	इतिहास	primitive,ancient,praetor
islamist	इस्लामी	OtherRelated	इस्लामवादी	islamic,islamism
islamic	गाजा	OtherRelated	इस्लामिक,इस्लामी	gaza
fly	वायु	OtherRelated	उड़ना,उड़,मक्खी	wind,air
north	कोरियाई	OtherRelated	उत्तर	korean,korea
production	व्यापार	OtherRelated	उत्पादन	trading,business,trade
park	गेराज	OtherRelated	उद्यान,पार्क	UNK_EN
top	छत	OtherRelated	उपर,ऊपर,टॉप,शीर्ष	ceiling,rooftop,terrace,roof
top	इमारत	OtherRelated	उपर,ऊपर,टॉप,शीर्ष	UNK_EN
tropical	आंधी	OtherRelated	उष्ण,तीव्र	tornado,typhoon,thunderstorm,storm
debt	कंपनी	OtherRelated	ऋण,कर्ज,कर्ज़	company
unity	राष्ट्रीय	OtherRelated	एकता	national
unity	एकजुट	OtherRelated	एकता	unite
gather	समूह	OtherRelated	एकत्रित	congregation,group,groups
offer	मदद	OtherRelated	ऑफर,प्रस्ताव	help
old	आदमी	OtherRelated	ओल्ड,पुराने,पुरानी,पुराना,वृद्ध,बूढ़ा	man
woman	लड़की	ReverseEntailment	औरत,नारी,महिला,स्त्री	chick,girl
orbit	पृथ्वी	OtherRelated	कक्षा	earth
cup	चैंपियनशिप	OtherRelated	कप	championship
tax	खर्च	OtherRelated	कर	spent,expenses,spend,spends
cancer	स्तन	OtherRelated	कर्क,कैंसर,कर्कट	boobs,breasts,tits,breast
kayak	डोंगी	OtherRelated	कश्ती	UNK_EN
say	आलोचना	OtherRelated	कहें,बोलो,कह	criticism
laws	सरकार	OtherRelated	कानून	govt,creeps,government
law	मामला	OtherRelated	कानून,विधि	case
cardinal	बिशप	OtherRelated	कार्डिनल	bishop
worker	काम	OtherRelated	कार्यकर्त्ता,कर्मचारी,कार्यकर्ता	work
kid	परिवार	OtherRelated	किड,बच्चा	family
price	मुद्रास्फीति	OtherRelated	कीमत,मूल्य,दाम	inflation
kurdish	कूर्द	OtherRelated	कुर्द	UNK_EN
order	अराजकता	OtherRelated	क्रम,ऑर्डर,आदेश,अनुक्रम	anarchy,chaos
order	कोर्ट	OtherRelated	क्रम,ऑर्डर,आदेश,अनुक्रम	court
crash	विमान	OtherRelated	क्रेश,क्रैश	aviation,aircraft,vimana,airplane
crashed	दरार	OtherRelated	क्रैश	rift,crack
standing	सीट	OtherRelated	खड़ी,खड़े,खड़ा	seat
dangerous	रासायनिक	OtherRelated	खतरनाक	chemical
news	नेटवर्क	OtherRelated	खबर,समाचार,न्यूज़,न्यूज	network,networks
player	मैच	OtherRelated	खिलाड़ी	match
player	बास्केटबाल	OtherRelated	खिलाड़ी	UNK_EN
toy	बच्चा	OtherRelated	खिलौना	child,kid
toy	खेल	OtherRelated	खिलौना	play,sports,game,games,sport
sport	मैच	OtherRelated	खेल	match
play	खेल	OtherRelated	खेल	play,sports,game,games,sport
play	संगीत	OtherRelated	खेल	sangeet,music
sport	प्ले	OtherRelated	खेल	UNK_EN
lose	मरना	OtherRelated	खोना	dying
lose	कमाना	Exclusion	खोना	UNK_EN
motion	फ़िल्म	OtherRelated	गति	movie,film
singer	गाओ	OtherRelated	गायक,सिंगर	sing
song	गाओ	OtherRelated	गीत,गाना,सोंग	sing
game	गेंद	OtherRelated	गेम,खेल	ball
ground	भूकंप	OtherRelated	ग्राउंड,जमीन,मैदान	earthquake,quake,earthquakes
stage	मंच	OtherRelated	चरण,स्टेज	platform,forum
stage	प्ले	OtherRelated	चरण,स्टेज	UNK_EN
medical	रोग	OtherRelated	चिकित्सीय,मेडिकल,चिकित्सा	disease
election	अभियान	OtherRelated	चुनाव	campaigns,campaign
small	बच्चा	OtherRelated	छोटे,छोटा,छोटी	child,kid
small	बड़े	Exclusion	छोटे,छोटा,छोटी	large,big
little	बच्चा	OtherRelated	छोटे,छोटा,लिटिल,छोटी	child,kid
wound	हत्या	OtherRelated	जख्म,घाव	assassination,murder,killing,slay
general	प्रतिनिधि	OtherRelated	जनरल,साधारण,सामान्य	delegate,representative,representatives
probe	पुलिस	OtherRelated	जांच	police
life	हत्या	OtherRelated	जिंदगी,ज़िन्दगी,ज़िंदगी,जिन्दगी,जीवन	assassination,murder,killing,slay
life	आयु	OtherRelated	जिंदगी,ज़िन्दगी,ज़िंदगी,जिन्दगी,जीवन	ayu,longevity,age,ages
life	व्यक्ति	OtherRelated	जिंदगी,ज़िन्दगी,ज़िंदगी,जिन्दगी,जीवन	person,individual,individualism
jet	उड़ना	OtherRelated	जेट	fly
more	बहुमत	OtherRelated	ज्यादा,आदि,अधिक	majority
volcano	विस्फोट	OtherRelated	ज्वालामुखी	explosion,explosions
tomato	लाल	OtherRelated	टमाटर	reds,red
target	अभ्यास	OtherRelated	टार्गेट,टारगेट,लक्ष्य,निशाना	practice
team	बेसबॉल	OtherRelated	टीम,टोली	baseball
table	कक्ष	OtherRelated	टेबल,मेज़,सारणी,तालिका	room,cells,cell,chamber,rooms
telephone	कंपनी	OtherRelated	टेलिफोन,टेलीफ़ोन,दूरभाष,टेलीफोन	company
tank	फोजी	OtherRelated	टैंक	UNK_EN
track	प्रतियोगिता	OtherRelated	ट्रैक,रील	competition,contest
track	सवारी	OtherRelated	ट्रैक,रील	riding,ride
track	दौड़	OtherRelated	ट्रैक,रील	runs,race,races,racing
dancer	नृत्य	OtherRelated	डांसर,नर्तक,नर्तकी	dance
dollar	अमेरिकन	OtherRelated	डॉलर,डालर	american
drug	सेवन	OtherRelated	ड्रग	intake
drive	गाड़ी	OtherRelated	ड्राइव	car
driver	चलाना	OtherRelated	ड्राईवर,ड्राइवर	exec,execution
technology	अनुसंधान	OtherRelated	तकनीक,प्रौद्योगिकी	research
harbor	नौका	OtherRelated	तट,हार्बर	yacht,boat
star	आकाश	OtherRelated	तारा,तारे,तारक,तारों,स्टार	firmament,empyrean,heavens,sky
taliban	अफ़ग़ान	OtherRelated	तालिबान	UNK_EN
oil	निर्यात	OtherRelated	तेल,ऑयल,आयल	exports,export
oil	पेट्रोल	OtherRelated	तेल,ऑयल,आयल	petrol,gasoline
south	कोरियाई	OtherRelated	दक्षिणी,साउथ,दक्षिण	korean,korea
rates	ब्याज	OtherRelated	दरें,दरों	interest
party	सरकार	OtherRelated	दल,पार्टी	govt,creeps,government
longevity	जीवनकाल	OtherRelated	दीर्घायु,आयु	lifespan
country	सेना	OtherRelated	देश	armies,sena,army
country	राजधानी	ReverseEntailment	देश	capitals,capital
country	सीमा	OtherRelated	देश	limit,sima,border,range,limits
luxembourg	ब्रसेल्स	Exclusion	ध्वज	brussels
nurse	अस्पताल	OtherRelated	नर्स	hospital,hospitals
playwright	लेखक	ForwardEntailment	नाटककार	writer,authors,writers,author
nomination	पुरस्कार	OtherRelated	नामांकन	rewards,prize,award,awards,prizes,reward
remove	ड्रॉप	OtherRelated	निकालें,हटाएँ	UNK_EN
marry	परिवार	OtherRelated	निकाह	family
death	बम	OtherRelated	निधन,मोत,मृत्यु,मौत	bam,bomb,bombs
lowest	स्तर	OtherRelated	निम्नतम,न्यूनतम	levels,level
construction	इमारत	OtherRelated	निर्माण	UNK_EN
network	प्रसारण	OtherRelated	नेटवर्क,संजाल	broadcast,broadcasts,broadcasting
job	उम्मीदवार	OtherRelated	नौकरी,कार्य,जॉब	candidates,candidate
drama	अभिनेता	OtherRelated	नौटंकी,ड्रामा,नाटक	actors,actor
justice	विवाद	OtherRelated	न्याय,इंसाफ	controversy,disputes,dispute
path	गाड़ी	OtherRelated	पथ,पाथ	car
test	अध्ययन	OtherRelated	परीक्षा,जांच,जाँच,परीक्षण	studying,study,studies
parking	साइकिल	OtherRelated	पार्किंग	bicycles,bicycle
parking	बाइक	OtherRelated	पार्किंग	bikes,bike
sail	नाव	OtherRelated	पाल	boat
power	विशाल	OtherRelated	पावर,शक्ति	huge,enormous,grandiose,large,massive,vast
puppy	शिशु	OtherRelated	पिल्ला,पप्पी	infant,babies
victim	हत्या	OtherRelated	पीड़ित,पीडित,शिकार	assassination,murder,killing,slay
piece	कागज़	OtherRelated	पीस,टुकड़ा	paper
man	बुज़ुर्ग	OtherRelated	पुरुष,मनुष्य,मैन,आदमी,इन्सान	UNK_EN
penalty	आरोपण	OtherRelated	पेनल्टी,दंड	attribution,imposition
policy	मंत्रालय	OtherRelated	पॉलिसी,नीति	ministry
polls	चुनाव	OtherRelated	पोल	elections,choices,election,choice
wings	पंख	OtherRelated	पंखों,पंख,विंग्स	feather,wings
operating	माइक्रोसॉफ्ट	OtherRelated	प्रचालन,ऑपरेटिंग	microsoft
expectancy	आयु	OtherRelated	प्रत्याशा	ayu,longevity,age,ages
practice	प्ले	OtherRelated	प्रथा,अभ्यास	UNK_EN
pollution	पर्यावरण	OtherRelated	प्रदूषक,प्रदूषण	environment
president	चुनाव	OtherRelated	प्रदेशाध्यक्ष,राष्ट्रपति,अध्यक्ष	elections,choices,election,choice
president	महापौर	OtherRelated	प्रदेशाध्यक्ष,राष्ट्रपति,अध्यक्ष	mayor
president	मंत्री	OtherRelated	प्रदेशाध्यक्ष,राष्ट्रपति,अध्यक्ष	minister,ministers
manager	विभाग	OtherRelated	प्रबंधक,मैनेजर	department,division,departments
management	निदेशक	OtherRelated	प्रबंधन,प्रबन्धन	director
question	उत्तर	OtherRelated	प्रश्न,सवाल	answer,north,answers
prime	मंत्री	OtherRelated	प्राइम,प्रधान	minister,ministers
province	नेता	OtherRelated	प्रान्त,प्रांतों,प्रांत	leader,leaders
plan	बजट	OtherRelated	प्लान,योजना	budget
benefit	परिणाम	OtherRelated	फायदा,लाभ	result,results
fire	जलाना	OtherRelated	फायर,अग्नि,आग	UNK_EN
flight	वायु	OtherRelated	फ्लाइट,फ़्लाइट,उडान,उड़ान	wind,air
large	भारी	OtherRelated	बड़े,बड़ा,बड़ी,विशाल	heavy
town	महापौर	OtherRelated	बस्ती,नगर,कस्बा	mayor
biker	बाइक	OtherRelated	बाइकर	bikes,bike
market	विकास	OtherRelated	बाजार,बाज़ार,मार्केट	development,growth
market	व्यापार	OtherRelated	बाजार,बाज़ार,मार्केट	trading,business,trade
talk	फ़ोन	OtherRelated	बात	phone,phones
talk	वक्ता	OtherRelated	बात	speaker
out	पलायन	OtherRelated	बाहर,आउट	getaway
spending	बजट	OtherRelated	बिता	budget
spending	निवेश	OtherRelated	बिता	investing,investor,investment,investments
spending	योजना	OtherRelated	बिता	scheme,plan
bench	बिस्तर	OtherRelated	बेंच	bed
sit	सवारी	OtherRelated	बैठ,बैठो,बैठने,बैठना	riding,ride
sit	कुरसी	OtherRelated	बैठ,बैठो,बैठने,बैठना	UNK_EN
speak	माइक्रोफ़ोन	OtherRelated	बोलें,बोलो	microphone
gun	सेना	OtherRelated	बंदूक,गन	armies,sena,army
role	प्ले	OtherRelated	भूमिका	UNK_EN
food	चारा	OtherRelated	भोजन,खाना	fodder,bait
food	रसोइया	OtherRelated	भोजन,खाना	UNK_EN
repair	बनाना	OtherRelated	मरम्मत	making,creating
quantity	बढ़ना	OtherRelated	मात्रा	UNK_EN
military	संघर्ष	OtherRelated	मिलिट्री,सैनिक,फौजी,सैन्य	antagonism,strife,struggle,conflict
military	कमांडर	OtherRelated	मिलिट्री,सैनिक,फौजी,सैन्य	commander
military	हेलीकॉप्टर	OtherRelated	मिलिट्री,सैनिक,फौजी,सैन्य	helicopter
military	आदेश	OtherRelated	मिलिट्री,सैनिक,फौजी,सैन्य	mandate,injunction,order,orders
headquarters	बीजिंग	OtherRelated	मुख्यालय	beijing
mexico	शहर	OtherRelated	मेक्सिको,मैक्सिको	downtown,city,cities
monetary	बैंक	OtherRelated	मौद्रिक	banks,bank
minister	संघीय	OtherRelated	मंत्री	federal
jewish	यरूशलेम	OtherRelated	यहूदी	UNK_EN
travel	ऑटोमोबाइल	OtherRelated	यात्रा,सफर	automobiles,automobile
war	सैन्य	OtherRelated	युद्ध	military
war	आतंक	OtherRelated	युद्ध	terror,terrorism
war	फोजी	OtherRelated	युद्ध	UNK_EN
young	लड़का	OtherRelated	युवा,जवान,यंग	boy
young	लड़की	OtherRelated	युवा,जवान,यंग	chick,girl
young	लोग	OtherRelated	युवा,जवान,यंग	people
young	व्यक्ति	OtherRelated	युवा,जवान,यंग	person,individual,individualism
young	छोटा	OtherRelated	युवा,जवान,यंग	small,little,short,tiny
greece	एथेंस	OtherRelated	यूनानी,ग्रीस,यूनान,यूनानियों	athens
union	श्रम	OtherRelated	यूनियन,संघ	labour,labor
europe	सीमा	OtherRelated	यूरोप,यूरोपीय	limit,sima,border,range,limits
euro	बैंक	OtherRelated	यूरो,यूरोपियन	banks,bank
speed	सवारी	OtherRelated	रफ्तार,गति	riding,ride
speed	रन	OtherRelated	रफ्तार,गति	runs
ride	घोड़ा	OtherRelated	राइड,सवारी	horse
republican	अध्यक्षीय	OtherRelated	रिपब्लिकन	presidential
report	प्रपत्र	OtherRelated	रिपोर्ट,रपट	form
wait	खड़ा	OtherRelated	रुको,इंतजार	standing,vertically,vertical
rocky	पर्वत	OtherRelated	रॉकी	mountain
light	अंधेरा	OtherRelated	रोशनी,प्रकाश,हल्का,लाइट	dark,darkness
light	फ़्लैश	OtherRelated	रोशनी,प्रकाश,हल्का,लाइट	flash
fighting	सेना	OtherRelated	लड़	armies,sena,army
write	घोषणा	OtherRelated	लिखे,लिखें	announcement,declaration
write	कागज़	OtherRelated	लिखे,लिखें	paper
lead	निदेशक	OtherRelated	लीड,सीसा,सीसे	director
layer	वायुमंडल	OtherRelated	लेयर,परत	atmosphere
los	एंजिल्स	OtherRelated	लॉस	angeles
democratic	नागरिक	OtherRelated	लोकतांत्रिक	civic,citizen
tall	विशाल	OtherRelated	लंबा,लंबी,लम्बा	huge,enormous,grandiose,large,massive,vast
time	समयसीमा	OtherRelated	वक़्त,वक्त,समय	UNK_EN
time	काम	OtherRelated	वक़्त,वक्त,समय	work
year	नया	OtherRelated	वर्ष,साल	new,newer
water	स्नान	OtherRelated	वाटर,पानी,जल	bathing,bath
water	नीला	OtherRelated	वाटर,पानी,जल	blue
water	धार	OtherRelated	वाटर,पानी,जल	dhar,rivulet
water	नल	OtherRelated	वाटर,पानी,जल	null
water	बर्फ	OtherRelated	वाटर,पानी,जल	snow,ice
washington	अमेरिकन	OtherRelated	वाशिंगटन,वॉशिंगटन	american
vehicle	सड़क	OtherRelated	वाहन,गाडी	street,road
vehicle	यातायात	OtherRelated	वाहन,गाडी	traffic,transport,airways
sales	कंपनी	OtherRelated	विक्रय,बिक्री	company
sales	बढ़ना	OtherRelated	विक्रय,बिक्री	UNK_EN
victory	युद्ध	OtherRelated	विजय	battle,war
victory	चुनाव	OtherRelated	विजय	elections,choices,election,choice
winner	चुनाव	OtherRelated	विजेता	elections,choices,election,choice
winner	इनाम	OtherRelated	विजेता	prize,prizes
winner	पुरस्कार	OtherRelated	विजेता	rewards,prize,award,awards,prizes,reward
video	टीवी	OtherRelated	विडियो,वीडियो	tv,television
school	शिक्षात्मक	OtherRelated	विद्यालय,स्कूल	UNK_EN
airplane	वायु	OtherRelated	विमान,वायुयान	wind,air
opposition	आक्रमण	OtherRelated	विरोध,विपक्ष	invasion,attack
dispute	कोर्ट	OtherRelated	विवाद	court
married	दुल्हन	OtherRelated	विवाहित,शादीशुदा	bride
explosion	बमवर्षक	OtherRelated	विस्फोटक,विस्फोट	bombers
wood	जंगल	OtherRelated	वुड,लकड़ी,लकडी	jungle,forest
growth	अर्थव्यवस्था	OtherRelated	वृद्धि,विकास	economy
vatican	पोप	OtherRelated	वेटिकन	pope
web	ब्राउज़र	OtherRelated	वेब	browser
wales	चार्ल्स	OtherRelated	वेल्स	charles
vote	देना	OtherRelated	वोट	dena
vote	चुनाव	OtherRelated	वोट	elections,choices,election,choice
vote	संसद	OtherRelated	वोट	parliament
trade	बैंक	OtherRelated	व्यापार	banks,bank
trade	अर्थव्यवस्था	OtherRelated	व्यापार	economy
marriage	दुल्हन	OtherRelated	शादी,मैरिज,विवाह	bride
punishment	मौत	OtherRelated	सजा,दंड	death
punishment	अपराध	OtherRelated	सजा,दंड	offence,confession,crime
street	चलाना	OtherRelated	सड़क,गली	exec,execution
member	मंडल	OtherRelated	सदस्य	mandala
saddam	इराक	OtherRelated	सद्दाम	iraq
sunny	रवि	OtherRelated	सनी	sudan,sun,ravi,reunion
plane	पायलट	OtherRelated	समतल,प्लेन	pilot
plane	वायु	OtherRelated	समतल,प्लेन	wind,air
government	केंद्रीय	OtherRelated	सरकार,सरकारी	central
survey	रिपोर्ट	OtherRelated	सर्वेक्षण	report,reports
riding	साइकिल	OtherRelated	सवारी	bicycles,bicycle
site	निर्माण	OtherRelated	साइटें,साइट,साईट	creation,construction,build,manufacturing
together	पकड़	OtherRelated	साथ	grip
theatre	प्ले	OtherRelated	सिनेमाघर,रंगमंच,थिएटर	UNK_EN
range	बंदूक	OtherRelated	सीमा,दायरा	gun
sector	उद्योग	OtherRelated	सेक्टर	industries,industry
sedan	पार्किंग	OtherRelated	सेडान	parking
services	नेटवर्क	OtherRelated	सेवाएँ,सेवाएं	network,networks
services	कर्मियों	OtherRelated	सेवाएँ,सेवाएं	personnel
services	आउटसोर्स	OtherRelated	सेवाएँ,सेवाएं	UNK_EN
walk	आने	OtherRelated	सैर,चलना	UNK_EN
sandy	रेत	OtherRelated	सैंडी	sand
soviet	रूस	OtherRelated	सोवियत	russia
organisation	परिषद	OtherRelated	संगठन	council,confederation
music	साधन	OtherRelated	संगीत,म्यूज़िक	UNK_EN
child	परिवार	OtherRelated	संतति,बालक,बच्चा,बच्चे,चाइल्ड	family
stand	टांग	OtherRelated	स्टैंड	leg
stocks	कंपनी	OtherRelated	स्टॉक्स	company
independence	घोषणा	OtherRelated	स्वतन्त्रता,स्वतंत्रता	announcement,declaration
indigenous	सांस्कृतिक	OtherRelated	स्वदेशी	humane,cultural
owner	कुत्ता	OtherRelated	स्वामी,मालिक	dog
kingdom	वंश	OtherRelated	हुकूमत,किंगडम	dynasty
heart	रोग	OtherRelated	हृदय,ह्रदय,दिल	disease
hall	सम्मेलन	OtherRelated	हॉल	conference,convention
hollywood	फ़िल्म	OtherRelated	हॉलीवुड	movie,film
confrontation	युद्ध	ReverseEntailment	UNK_HI	battle,war
guy	लड़का	ReverseEntailment	UNK_HI	boy
inhabitant	शहर	ReverseEntailment	UNK_HI	downtown,city,cities
ussr	मास्को	ReverseEntailment	UNK_HI	moscow
oppose	प्रतिद्वंद्वी	ReverseEntailment	UNK_HI	rival,opponent,opponents
cord	रस्सी	ReverseEntailment	UNK_HI	rope
waters	समुद्र	ReverseEntailment	UNK_HI	seas,sea
works	व्यापार	ReverseEntailment	UNK_HI	trading,business,trade
ruin	टूटना	ReverseEntailment	UNK_HI	UNK_EN
officer	आयुक्त	ReverseEntailment	अधिकारी	commissioner
officer	न्यायाधीश	ReverseEntailment	अधिकारी	judge
presidential	नेता	ForwardEntailment	अध्यक्षीय	leader,leaders
state	फ्लोरिडा	ReverseEntailment	अवस्था,स्टेट,स्थिति,राज्य	florida
end	नष्ट	ReverseEntailment	अंत,समाप्ति,समाप्त	destroyed,destroys,destroy
size	विशाल	ReverseEntailment	आकार	huge,enormous,grandiose,large,massive,vast
movement	जिहाद	ReverseEntailment	आन्दोलन,आंदोलन,गति	jihad
office	एजेंसी	ReverseEntailment	आफिस,ऑफिस,कार्यालय,ऑफ़िस,दफ्तर	agency,agencies
rest	झपकी	ReverseEntailment	आराम,रेस्ट,बाकी	nap,siesta
internal	विभाग	OtherRelated	आंतरिक,आन्तरिक,आतंरिक	department,division,departments
iraq	बगदाद	ReverseEntailment	इराक,इराक़,ईराक,इराकी	baghdad
treatment	दवा	ReverseEntailment	इलाज,उपचार	medicine,medication
north	अटलांटिक	OtherRelated	उत्तर	atlantic
product	इलेक्ट्रानिक्स	ReverseEntailment	उत्पाद	UNK_EN
exciting	उत्साह	ReverseEntailment	उत्साहजनक,रोमांचक	zeal,vivacity
remedy	दवा	ReverseEntailment	उपचार,उपाय	medicine,medication
energy	परमाणु	ReverseEntailment	ऊर्जा,उर्जा	nuclear,molecule,atomic,atom
unity	संघ	ReverseEntailment	एकता	union,unions,federation,association
expert	विश्लेषक	ReverseEntailment	एक्सपर्ट,विशेषज्ञ	analyst
woman	महिला	Equivalence	औरत,नारी,महिला,स्त्री	woman,lady,female
murder	हत्या	Equivalence	कत्ल,मर्डर,हत्या	assassination,murder,killing,slay
tax	बजट	ForwardEntailment	कर	budget
artist	संगीतकार	ReverseEntailment	कलाकार	musician,musicians
say	व्यक्त	ReverseEntailment	कहें,बोलो,कह	UNK_EN
cards	कार्ड	Equivalence	कार्ड,ताश	cards,chord,card
worker	आदमी	ReverseEntailment	कार्यकर्त्ता,कर्मचारी,कार्यकर्ता	man
kid	लड़का	ReverseEntailment	किड,बच्चा	boy
kid	लड़की	ReverseEntailment	किड,बच्चा	chick,girl
kid	बच्चा	ReverseEntailment	किड,बच्चा	child,kid
kill	विस्फोट	ReverseEntailment	किल,मारो,मार	explosion,explosions
something	टुकड़ा	ReverseEntailment	कुछ	fragment,piece,slice,blurs
center	एजेंसी	OtherRelated	केन्द्र,केंद्र,मध्य,बीच	agency,agencies
container	बोतल	ReverseEntailment	कंटेनर,धारक,पात्र,संग्राहक	bottle
container	कटोरा	ReverseEntailment	कंटेनर,धारक,पात्र,संग्राहक	bowl
container	डिब्बा	ReverseEntailment	कंटेनर,धारक,पात्र,संग्राहक	box
region	प्रांत	ReverseEntailment	क्षेत्र,प्रदेश	province
news	प्रसारण	ReverseEntailment	खबर,समाचार,न्यूज़,न्यूज	broadcast,broadcasts,broadcasting
toy	गुड़िया	ReverseEntailment	खिलौना	doll
draw	स्केच	ReverseEntailment	खींचें,चित्रण	sketch
play	गेंद	ReverseEntailment	खेल	ball
play	हॉकी	ReverseEntailment	खेल	hockey
sport	दौड़	ReverseEntailment	खेल	runs,race,races,racing
gone	मौत	ReverseEntailment	गए	death
dark	भूरा	ReverseEntailment	गहरा,अंधेरा	brown,browns
cows	गाय	Equivalence	गायें,गायों	cow
fall	ड्रॉप	ReverseEntailment	गिरा,पतझड़,गिरना,गिर,पतन	UNK_EN
group	गुट	ReverseEntailment	ग्रुप,समूह	faction,clique
house	महल	ReverseEntailment	घर,मकान,हाउस	mahal,fortresses,palace
run	पीछा	ReverseEntailment	चला,चलाएँ,चलेगी,चलाएं	chase
run	दौड़	Equivalence	चला,चलाएँ,चलेगी,चलाएं	runs,race,races,racing
move	आइए	ReverseEntailment	चाल,मूव	UNK_EN
medical	चिकित्सक	ReverseEntailment	चिकित्सीय,मेडिकल,चिकित्सा	physician,therapist,therapy,therapists
china	चीनी	ReverseEntailment	चीन	chinese
face	आंखें	ReverseEntailment	चेहरे,चेहरा,फेस	eyes
boy	बच्चा	Equivalence	छोरा,लड़का,लडका,बॉय,लड़के	child,kid
place	क्षेत्र	ReverseEntailment	जगह,स्थान,प्लेस	area,region,areas
place	स्थानीय	ReverseEntailment	जगह,स्थान,प्लेस	local,locals
place	जन्मस्थल	ReverseEntailment	जगह,स्थान,प्लेस	UNK_EN
representative	अध्यक्षता	ReverseEntailment	जनप्रतिनिधि,प्रतिनिधि	chairmanship
representative	मंत्री	ReverseEntailment	जनप्रतिनिधि,प्रतिनिधि	minister,ministers
german	बर्लिन	ReverseEntailment	जर्मन,जर्मनी	berlin
germany	फ्रैंकफर्ट	ReverseEntailment	जर्मनी	frankfurt
animals	हाथियों	ReverseEntailment	जानवर,जानवरों,पशु	elephants
picture	तस्वीर	Equivalence	तस्वीर,पिक्चर,चित्र	picture
party	लोकतांत्रिक	ReverseEntailment	दल,पार्टी	democratic
world	अफ़्रीकी	ReverseEntailment	दुनिया,विश्व,जग,संसार	africa,african
world	एशिया	ReverseEntailment	दुनिया,विश्व,जग,संसार	asia
world	यूरोप	ReverseEntailment	दुनिया,विश्व,जग,संसार	europe
world	हैती	ReverseEntailment	दुनिया,विश्व,जग,संसार	haiti
world	पेरिस	ReverseEntailment	दुनिया,विश्व,जग,संसार	paris
world	गोलार्द्ध	ReverseEntailment	दुनिया,विश्व,जग,संसार	UNK_EN
country	अफ़्रीकी	ReverseEntailment	देश	africa,african
country	अरब	ReverseEntailment	देश	arabia,arab,billion
country	कनाडा	ReverseEntailment	देश	canada
country	ब्राज़िल	ReverseEntailment	देश	UNK_EN
nation	अफ़ग़ानिस्तान	ReverseEntailment	देश,राष्ट्र,स्वदेश	afghanistan
nation	अफ़्रीकी	ReverseEntailment	देश,राष्ट्र,स्वदेश	africa,african
citizen	बच्चा	ReverseEntailment	नागरिक	child,kid
name	जॉन	ReverseEntailment	नाम	john
eyes	आंख	Equivalence	निगाहों,आँखे,आंखें,आँखें	eye
loss	मौत	ReverseEntailment	नुकसान,घाटा	death
damage	आक्रमण	ReverseEntailment	नुक्सान,नुकसान,क्षति	invasion,attack
path	मार्गदर्शक	ReverseEntailment	पथ,पाथ	guide
project	निर्माण	ReverseEntailment	परियोजना,प्रोजेक्ट	creation,construction,build,manufacturing
project	बांध	ReverseEntailment	परियोजना,प्रोजेक्ट	dam,pier
environmental	वातावरण	ReverseEntailment	पर्यावरणीय	environment,atmosphere
western	ब्रिटेन	ReverseEntailment	पश्चिमी	britain,uk
tire	टायर	Equivalence	पहिया,टायर	tires,tyres,tyre,tire
side	बाएं	ReverseEntailment	पार्श्व,तरफ,पक्ष	left
pet	कुत्ता	ReverseEntailment	पालतू,पालतु	dog
piano	कीबोर्ड	ReverseEntailment	पियानो	keyboard
male	लड़का	ReverseEntailment	पुरुष,नर,पुरूष	boy
man	पिता	ReverseEntailment	पुरुष,मनुष्य,मैन,आदमी,इन्सान	father
man	आदमी	Equivalence	पुरुष,मनुष्य,मैन,आदमी,इन्सान	man
police	पहरा	ReverseEntailment	पुलिस	UNK_EN
professional	प्रबंधक	ReverseEntailment	पेशेवर	manager,managers
pot	केतली	ReverseEntailment	पॉट,कलश,घट	kettle
publication	पत्रिका	ReverseEntailment	प्रकाशन	magazine,salesperson,journal
representation	संसद	ReverseEntailment	प्रतिनिधित्व	parliament
delegation	चीनी	ReverseEntailment	प्रतिनिधिमंडल	chinese
program	समाचार	ReverseEntailment	प्रोग्राम,कार्यक्रम	news
adult	आदमी	ReverseEntailment	प्रौढ़,बालिग,वयस्क	man
floor	गलीचा	ReverseEntailment	फर्श,तल,मंजिल	rug
fire	होलिका	ReverseEntailment	फायर,अग्नि,आग	UNK_EN
family	बच्चा	ReverseEntailment	फैमिली,परिवार	child,kid
family	बेटी	ReverseEntailment	फैमिली,परिवार	daughter
family	वंश	ReverseEntailment	फैमिली,परिवार	dynasty
fashion	कपड़ा	ReverseEntailment	फैशन,फ़ैशन	textile,fabric,textiles
phone	मोबाइल	ReverseEntailment	फ़ोन,फोन	mobile
flight	विमान	Equivalence	फ्लाइट,फ़्लाइट,उडान,उड़ान	aviation
make	निर्माण	Equivalence	बनाओ,बना,मेक	creation,construction,build,manufacturing
bike	मोटरसाइकिल	ReverseEntailment	बाइक,बाईक	motorcycles,motorcycle
fence	दीवार	ReverseEntailment	बाड़	wall
talk	गाओ	ReverseEntailment	बात	sing
language	अरबी	ReverseEntailment	भाषा	arabic
food	डेयरी	ReverseEntailment	भोजन,खाना	dairy
food	मछली	ReverseEntailment	भोजन,खाना	fishes,fibres,fish,fibers
help	देखभाल	ReverseEntailment	मदद,सहायता	caring
help	देना	ReverseEntailment	मदद,सहायता	dena
human	लड़का	ReverseEntailment	मनुष्य,मानव,इंसान	boy
human	नागरिक	ReverseEntailment	मनुष्य,मानव,इंसान	civic,citizen
machine	बाइक	ReverseEntailment	मशीन,यंत्र	bikes,bike
month	अगस्त	ReverseEntailment	महीना,महीने,माह	august,aug
issue	मामला	ReverseEntailment	मुद्दा,समस्या	case
trouble	मुसीबत	ReverseEntailment	मुसीबत,परेशानी,ट्रबल	trouble
trip	सड़क	ReverseEntailment	यात्रा,ट्रिप	street,road
travel	गाड़ी	ReverseEntailment	यात्रा,सफर	car
travel	चलाना	ReverseEntailment	यात्रा,सफर	exec,execution
yard	कोर्ट	ReverseEntailment	यार्ड	court
young	लड़का	ReverseEntailment	युवा,जवान,यंग	boy
young	बच्चा	ReverseEntailment	युवा,जवान,यंग	child,kid
young	शिशु	ReverseEntailment	युवा,जवान,यंग	infant,babies
young	किशोर	ReverseEntailment	युवा,जवान,यंग	juvenile,kishore,teens
european	अंग्रेजों	ReverseEntailment	यूरोपियाई,यूरोपीय	british
ride	दौड़	ReverseEntailment	राइड,सवारी	runs,race,races,racing
political	सरकार	ReverseEntailment	राजनीतिक,राजनैतिक	govt,creeps,government
political	मंत्री	ReverseEntailment	राजनीतिक,राजनैतिक	minister,ministers
political	आधिकारिक	ReverseEntailment	राजनीतिक,राजनैतिक	official
wooden	छड़ी	ReverseEntailment	लकड़ी	stick
girl	बेटी	ReverseEntailment	लडकी,लड़की	daughter
writings	नाटकों	ReverseEntailment	लेखन,कृतियाँ	UNK_EN
people	वयस्क	ReverseEntailment	लोग,लोगों	adult,mature
people	लड़का	ReverseEntailment	लोग,लोगों	boy
people	भीड़	ReverseEntailment	लोग,लोगों	crowd,crowded
people	परिवार	ReverseEntailment	लोग,लोगों	family
people	निवेशक	ReverseEntailment	लोग,लोगों	investor
people	आदमी	ReverseEntailment	लोग,लोगों	man
people	सदस्य	ReverseEntailment	लोग,लोगों	member,subscriber,subscribers,members
people	अल्पसंख्यक	ReverseEntailment	लोग,लोगों	minority,minorities
people	यात्री	ReverseEntailment	लोग,लोगों	passengers,passenger,traveller
year	रविवार	ReverseEntailment	वर्ष,साल	sunday
water	धारा	ReverseEntailment	वाटर,पानी,जल	current,section,stream
water	झील	ReverseEntailment	वाटर,पानी,जल	lake
water	तालाब	ReverseEntailment	वाटर,पानी,जल	pond
water	नदी	ReverseEntailment	वाटर,पानी,जल	river
water	सागर	ReverseEntailment	वाटर,पानी,जल	sagar,sea
water	समुद्र	ReverseEntailment	वाटर,पानी,जल	seas,sea
vehicle	मोटरसाइकिल	ReverseEntailment	वाहन,गाडी	motorcycles,motorcycle
disease	अल्जाइमर	ReverseEntailment	विकार,रोग,बीमारी	alzheimer
aircraft	विमान	ReverseEntailment	विमान,वायुयान	aviation,aircraft,vimana,airplane
opposition	विरोध	ReverseEntailment	विरोध,विपक्ष	protests,protest,contrast,opposition,conflicts,conflict
pandemic	इंफ्लुएंजा	ReverseEntailment	विश्वमारी	UNK_EN
university	विभाग	ForwardEntailment	विश्वविद्यालय,यूनिवर्सिटी,विश्वविद्यालयों	department,division,departments
windows	खिड़की	Equivalence	विंडोज़,खिड़कियाँ	window
wood	छड़ी	ReverseEntailment	वुड,लकड़ी,लकडी	stick
woods	जंगल	Equivalence	वुड्स	jungle,forest
tree	बबूल	ReverseEntailment	वृक्ष,ट्री,पेड़	babul
tree	देवदार	ReverseEntailment	वृक्ष,ट्री,पेड़	cedar
web	इंटरनेट	ReverseEntailment	वेब	internet
person	अभिनेता	ReverseEntailment	व्यक्ति	actors,actor
person	लड़का	ReverseEntailment	व्यक्ति	boy
person	लड़की	ReverseEntailment	व्यक्ति	chick,girl
person	बच्चा	ReverseEntailment	व्यक्ति	child,kid
person	आदमी	ReverseEntailment	व्यक्ति	man
trade	उत्पाद	ReverseEntailment	व्यापार	product,products
weapon	बंदूक	ReverseEntailment	शस्त्र,शस्त्रों,हथियार	gun
weapon	चाकू	ReverseEntailment	शस्त्र,शस्त्रों,हथियार	knife
weapon	तलवार	ReverseEntailment	शस्त्र,शस्त्रों,हथियार	lance,sword
weapon	मिसाइल	ReverseEntailment	शस्त्र,शस्त्रों,हथियार	missiles,missile
weapon	पिस्तौल	ReverseEntailment	शस्त्र,शस्त्रों,हथियार	pistol
weapon	राइफल	ReverseEntailment	शस्त्र,शस्त्रों,हथियार	rifle
wedding	युगल	ForwardEntailment	शादी,विवाह	couples,doubles,couple
title	चैंपियन	ReverseEntailment	शीर्षक	champion
rock	पर्वत	ReverseEntailment	शैल,रॉक,चट्टान	mountain
secretary	सहायक	Equivalence	सचिव	assistant,helpful,helper,conducive
plane	विमान	Equivalence	समतल,प्लेन	aviation,aircraft,vimana,airplane
plane	जेट	ReverseEntailment	समतल,प्लेन	jet
government	मंत्रिमंडल	ReverseEntailment	सरकार,सरकारी	ministries,cabinet
agree	सौदा	ReverseEntailment	सहमत	deal
bicycle	मोटरसाइकिल	Exclusion	साइकिल,सायकिल	motorcycles,motorcycle
site	हॉल	ReverseEntailment	साइटें,साइट,साईट	hall,halls
literary	किताब	ReverseEntailment	साहित्यिक	book
relate	साथी	ReverseEntailment	सुनाना	companion,accomplice,partner
services	काम	ReverseEntailment	सेवाएँ,सेवाएं	work
troops	फोजी	ReverseEntailment	सैनिकों	UNK_EN
walk	चहलक़दमी	ReverseEntailment	सैर,चलना	UNK_EN
software	ब्राउज़र	ReverseEntailment	सॉफ़्टवेयर,सॉफ्टवेयर,साफ्टवेयर,तन्त्र	browser
soviet	रूसी	ReverseEntailment	सोवियत	russian
number	अनेक	ReverseEntailment	संख्या,नंबर,क्रमांक	many,several,multiple
organization	एजेंसी	ReverseEntailment	संगठन	agency,agencies
organization	बैंक	ReverseEntailment	संगठन	banks,bank
organisation	सरकार	ReverseEntailment	संगठन	govt,creeps,government
organization	सदस्य	ReverseEntailment	संगठन	member,subscriber,subscribers,members
child	लड़का	ReverseEntailment	संतति,बालक,बच्चा,बच्चे,चाइल्ड	boy
child	लड़के	ReverseEntailment	संतति,बालक,बच्चा,बच्चे,चाइल्ड	boys,boy
child	बच्चा	ReverseEntailment	संतति,बालक,बच्चा,बच्चे,चाइल्ड	child,kid
parliament	सदस्य	OtherRelated	संसद,लोकसभा,पार्लियामेंट	member,subscriber,subscribers,members
stations	केंद्र	ReverseEntailment	स्टेशन	center,centre
week	दिन	ReverseEntailment	हफ्ते,सप्ताह	day,daytime,days
attack	बम	ReverseEntailment	हमले,हमला,आक्रमण	bam,bomb,bombs
attack	विस्फोट	ReverseEntailment	हमले,हमला,आक्रमण	explosion,explosions
hand	उंगली	ReverseEntailment	हाथ	finger
deer	हिरन	ReverseEntailment	हिरन,हिरण	deer
hall	गेलरी	ReverseEntailment	हॉल	UNK_EN
hole	बिल	ReverseEntailment	होल,छेद	bill
