man	骑车人	ReverseEntailment	人,汉,夫,男士,汉子	UNK_EN
killed	死	ForwardEntailment	受害,蒙难	impassable,uncrossable,inflexible,rigid,extremely,damned
marry	新娘	OtherRelated	UNK_HI	bride
support	接收	OtherRelated	台,支持,撑,依托,支架	UNK_EN
top	下	Exclusion	面,盖,顶,极,尖峰	down,downwards,below,lower,later
achieved	被实现	Equivalence	UNK_HI	UNK_EN
headquarters	总部	Equivalence	司令部,本部,大本营,队部	UNK_EN
vehicle	摩托车	ReverseEntailment	车,车辆,媒介,交通工具,载具	motorbike
korean	韩国	ForwardEntailment	UNK_HI	UNK_EN
political	政府	ReverseEntailment	政治,政,政治性	government
injure	损伤	Equivalence	圮,刿,惎	impairment,loss,disability
work	合作	ReverseEntailment	工作,事,事务,作业,劳动	cooperation
victory	战争	OtherRelated	胜利,胜,捷,胜仗	war,conflict
young	儿童	ReverseEntailment	小,少,年轻,毛,弱	child
fungus	菌	ForwardEntailment	真菌,菌,苓,菌类	germ,bacteria,fungus,mold,mushroom
rabbit	兔子	Equivalence	兔,兔子	hare,rabbit
widespread	流行	Equivalence	普遍,普及,咸,广大	fashionable
drink	杯子	OtherRelated	饮料,饮用	cup,glass
food	乳制品	ReverseEntailment	食物,食品,食,饭,粮	UNK_EN
soil	物	ForwardEntailment	土地,土壤,泥土,壤	thing,object,matter
woods	森林	Equivalence	林,树林,林子	forest
dog	动物	ForwardEntailment	狗,犬	animal
patient	人	ForwardEntailment	患者,病人,病患,耐,病者	man,person,people
lose	赚	Exclusion	UNK_HI	UNK_EN
traffic	移动	OtherRelated	交通,车流,车行	movement,migration,mobile,portable
wipe	清洁	ForwardEntailment	UNK_HI	clean
invasion	攻击	ForwardEntailment	侵略	UNK_EN
tea	咖啡	Exclusion	茶,茶叶	UNK_EN
less	增加	Exclusion	少	UNK_EN
writings	戏剧	ReverseEntailment	著作,文章,文笔	drama,play,theater
united	州	OtherRelated	团结,同心,合众	prefecture
white	蓝色	Exclusion	白色,白,素,粉,暠	UNK_EN
troop	军事	ForwardEntailment	人马	military
tennis	高尔夫球	Exclusion	网球	golf
kabul	阿富汗	ForwardEntailment	UNK_HI	UNK_EN
do	创建	ReverseEntailment	UNK_HI	UNK_EN
republic	塞浦路斯	ReverseEntailment	共和,共和国,共和制	UNK_EN
eyes	棕色	OtherRelated	眼目,眼眸	brown
soccer	足球	Equivalence	足球	soccer,football
wave	水	ForwardEntailment	波,阵,浪潮,波浪,浪	water,river,liquid,beverage
victim	杀	OtherRelated	受害者,受害人,遇难者,被害人	UNK_EN
rest	位于	Exclusion	休息	UNK_EN
france	欧洲	ForwardEntailment	UNK_HI	UNK_EN
tree	森林	ForwardEntailment	树,木,树木	forest
significantly	大	ForwardEntailment	UNK_HI	big,huge,large,major,great,wide,deep,oldest,eldest,greatly
class	课堂	ReverseEntailment	等,类,门,班,种类	classroom
child	男孩	ReverseEntailment	子,儿童,孩子,儿,小孩	boy
flight	航空	ReverseEntailment	飞行,航程,架次,航次	aviation
toddler	孩子	ForwardEntailment	UNK_HI	child
title	冠军	OtherRelated	目,称号,标题,头衔,锦标	champion
meeting	遇到	Equivalence	会议,集会,会面,会合,会晤	UNK_EN
law	授权	OtherRelated	法律,法,法,法学,辟	UNK_EN
muddy	脏	ForwardEntailment	混,浊,浑,混浊,泥泞	viscera,dirty,filthy
second	再次	Equivalence	再,第二,次,亚,第二次	again
say	呼叫	ReverseEntailment	UNK_HI	UNK_EN
side	面前	Exclusion	方面,面,头,方,旁	facing
strongly	强大	ForwardEntailment	UNK_HI	large,formidable,powerful,strong
light	黑暗	Exclusion	轻,光,光明,灯,光线	dark,darkly,darkness
pursue	追	Equivalence	UNK_HI	UNK_EN
play	曲棍球比赛	ReverseEntailment	表演,戏剧,戏	UNK_EN
injury	破损	ForwardEntailment	创,伤,创伤,外伤,硬伤	UNK_EN
world	中央	ReverseEntailment	世界,世,天地,世间,舆	central,middle,center
rate	数	OtherRelated	速度,率,快,流量,速率	number,figure,several,frequently,repeatedly
show	隐藏	Exclusion	演出,表现,表演,展览,戏	hidden,implicit,private,covert
korea	伊朗	Exclusion	UNK_HI	UNK_EN
head	行政人员	ForwardEntailment	长,总,主任,首,头	UNK_EN
soldier	招	OtherRelated	士兵,战士,卒,军人,士	contagious,device,trick
rolling	玩	ForwardEntailment	轰隆	toy
sweden	国家	ForwardEntailment	UNK_HI	country,nation,state
withdraw	离开	Equivalence	UNK_HI	UNK_EN
singer	唱	OtherRelated	歌手,歌唱家	UNK_EN
same	不同	Exclusion	一般,当,一样,相同,同样	different,distinct
uk	英国的	Equivalence	UNK_HI	UNK_EN
release	宣布	OtherRelated	版本	UNK_EN
lord	神	Equivalence	贵族,君,霸,相公	deity,soul,spirit,unusual,mysterious,lively,expressive,expression,look,amazing
accused	被指控	Equivalence	UNK_HI	UNK_EN
service	工作	ForwardEntailment	服务,业务,运营,功,勤务	job,work,task
eyes	眼睛	Equivalence	眼目,眼眸	eye
bicycle	自行车	Equivalence	自行车,脚踏车	bicycle,bike
culture	艺术	ReverseEntailment	文化,文,文明,人文,教养	art
cricketer	运动员	ForwardEntailment	UNK_HI	athlete
region	区域	Equivalence	地区,区,地方,郡,带	area,region,district
island	塞浦路斯	ReverseEntailment	岛,岛屿,海岛	UNK_EN
shotgun	枪	ForwardEntailment	猎枪,霰弹枪,散弹枪	gun,firearm,rifle,spear,rifle,spear
people	行人	ReverseEntailment	人,人口,人们,有人,普通人	pedestrian,passer-by
indonesia	印度	Exclusion	UNK_HI	UNK_EN
pot	水壶	ReverseEntailment	罐,壶,锅,盎,罐子	kettle,canteen
police	人	ForwardEntailment	警察,警方,警,干警	man,person,people
happy	高高兴兴	Equivalence	乐,幸福,快乐,高兴,欢乐	gaily
travel	渡船	ReverseEntailment	旅游,旅	ferry
changes	变更	Equivalence	变迁	UNK_EN
faith	教会	OtherRelated	信念	UNK_EN
question	回答	Exclusion	问题,疑问,习题	UNK_EN
euro	硬币	ForwardEntailment	UNK_HI	coin
substance	泥	ReverseEntailment	内容,物质,体,物体,实体	mud,clay,paste,pulp,restrained
naval	军事	ForwardEntailment	UNK_HI	military
japan	欧洲	Exclusion	UNK_HI	UNK_EN
chief	任何人	ForwardEntailment	长,总,首,头,首领	UNK_EN
hand	人	OtherRelated	手,手笔	man,person,people
mafia	犯罪	OtherRelated	黑手党	crime,offense
event	会议	ReverseEntailment	事件,顶目	meeting,conference
reform	更改	ForwardEntailment	改革	UNK_EN
germany	欧洲联盟	ForwardEntailment	UNK_HI	UNK_EN
world	德国	ReverseEntailment	世界,世,天地,世间,舆	UNK_EN
red	黑色	Exclusion	红,丹,赤,奭,彤	black
substance	物质	Equivalence	内容,物质,体,物体,实体	matter,substance,material,materialistic
australian	澳大利亚	ForwardEntailment	UNK_HI	UNK_EN
live	死	Exclusion	UNK_HI	impassable,uncrossable,inflexible,rigid,extremely,damned
young	孩子	ForwardEntailment	小,少,年轻,毛,弱	child
windows	微软	OtherRelated	UNK_HI	UNK_EN
runner	播放机	OtherRelated	根茎	UNK_EN
street	街	Equivalence	街道,街,大街,街头,涂	street
refine	原油	OtherRelated	UNK_HI	UNK_EN
supreme	法庭	ForwardEntailment	至上,无上,至高无上	UNK_EN
washington	叙利亚	Exclusion	UNK_HI	UNK_EN
lady	淑女	Equivalence	夫人,女士,淑女	lady
london	英国	ForwardEntailment	UNK_HI	UNK_EN
iraq	国外	ForwardEntailment	UNK_HI	abroad,overseas,foreign
song	唱歌	ForwardEntailment	歌曲,曲,歌,曲目,歌子	UNK_EN
father	女儿	Exclusion	父亲,父,翁,严,老子	daughter
statement	说	ForwardEntailment	词,说法,声明,发言,口供	UNK_EN
humans	人口	ForwardEntailment	UNK_HI	population,people
gansu	中国	ForwardEntailment	UNK_HI	UNK_EN
kill	死亡	OtherRelated	戡	death
disease	老年痴呆症	ReverseEntailment	疾病,病,症,病患,病症	UNK_EN
kid	儿童	Equivalence	UNK_HI	child
ground	领域	ReverseEntailment	地,地面,地皮,地线	domain,sphere,field,territory,area
store	店	Equivalence	商店,店,铺,铺,店铺	inn,shop,store
cluster	组	Equivalence	丛,群组,成串,嘟噜	group,team
japan	法国	Exclusion	UNK_HI	UNK_EN
arts	艺术	Equivalence	UNK_HI	art
work	公司	OtherRelated	工作,事,事务,作业,劳动	company,firm,corporation,incorporated
water	表面	OtherRelated	水,溍	surface,face,outside,appearance
winter	季节	ForwardEntailment	冬季,冬天,冬,冬令	time,season,period
airplane	飞机	Equivalence	飞机	airplane
return	归队	Equivalence	答	UNK_EN
pizza	起司	OtherRelated	薄饼	UNK_EN
oil	公司	OtherRelated	石油,油,油脂,油料	company,firm,corporation,incorporated
people	没有人	Exclusion	人,人口,人们,有人,普通人	UNK_EN
official	官	ReverseEntailment	正式,官,干部,郎,官吏	governmental,official,public
fight	军队	OtherRelated	战,斗争,争战,肢体冲突,挌	army,troops
serious	滑稽	Exclusion	严重,重,尊重,严肃,认真	comical,funny,amusing
map	指南	ForwardEntailment	图,地图,舆地,组图	guidebook
shooter	枪手	Equivalence	射手	gunman,sharpshooter
roadway	高速公路	Equivalence	桥面,车行道	expressway,highway,freeway
opportunity	机会	Equivalence	机会,机,时机,契机,遇	opportunity,chance,occasion
withdrawal	退出	Equivalence	UNK_HI	UNK_EN
thick	大	ForwardEntailment	厚,密,厚重,浓密,厚实	big,huge,large,major,great,wide,deep,oldest,eldest,greatly
bunny	兔子	Equivalence	UNK_HI	hare,rabbit
windows	窗口	Equivalence	UNK_HI	window,intermediary,showpiece
atlantic	区域	ForwardEntailment	UNK_HI	area,region,district
beer	酒	ForwardEntailment	啤	liquor,spirits
lady	宝宝	Exclusion	夫人,女士,淑女	darling,baby
woman	人	ForwardEntailment	女性,女,女子,妇女,女人	man,person,people
zone	站	ReverseEntailment	带,地带	station,website
later	早	Exclusion	后,下,之后,后来,以后	early,morning,prematurely
imprisonment	逮捕	ForwardEntailment	羁押,牢狱之灾	UNK_EN
world	国家	ReverseEntailment	世界,世,天地,世间,舆	country,nation,state
stop	继续	Exclusion	儅	UNK_EN
government	机构	ForwardEntailment	政府,官方,朝,政,官家	mechanism,structure,organization,agency,institution
military	敌对行动	OtherRelated	军,军事,武装,兵,军方	UNK_EN
sweden	丹麦	Exclusion	UNK_HI	UNK_EN
publication	杂志	ReverseEntailment	刊物,成书,刊	magazine
team	足球	OtherRelated	队,团体,组,团队,班	soccer,football
top	底部	Exclusion	面,盖,顶,极,尖峰	bottom
greek	希腊	ForwardEntailment	UNK_HI	UNK_EN
toddler	宝宝	Equivalence	UNK_HI	darling,baby
attack	爆破	ReverseEntailment	进攻,捣,抨	dynamite,blast
boy	男孩	Equivalence	男孩,男生,童子,男童,男儿	boy
subject	人	ReverseEntailment	主题,学科,主体,议题,标题	man,person,people
man	动物	ForwardEntailment	人,汉,夫,男士,汉子	animal
way	远	Exclusion	方式,方法,道路,法,途径	far,distant,remote
girl	新娘	ReverseEntailment	少女,女孩,女生,妮,姑娘	bride
mixture	混合	Equivalence	合成,混合物	hybrid,composite
win	成功	ForwardEntailment	UNK_HI	success
woman	女人	Equivalence	女性,女,女子,妇女,女人	woman,wife
tooth	牙	Equivalence	齿,牙齿,牙	tooth,ivory
girl	儿童	ForwardEntailment	少女,女孩,女生,妮,姑娘	child
revenue	成本	Exclusion	收入,营收,进项	UNK_EN
shot	攻击	ForwardEntailment	弹,中弹,中枪,注射剂	UNK_EN
stockpile	储量	Equivalence	储存,贮	UNK_EN
baby	人	ForwardEntailment	婴儿,宝贝,娃,娃娃,宝宝	man,person,people
sony	产品	ForwardEntailment	UNK_HI	goods,merchandise,product
strategy	政策	ReverseEntailment	战略,手段,策略,略,攻略	policy
illegally	非法	Equivalence	UNK_HI	illegal
local	联邦	Exclusion	地区,地方,当地,本地,本土	federal,federation,commonwealth,union
rock	舞蹈	Exclusion	石,岩石,岩,石块,磐	dancing
monitor	看	ForwardEntailment	监察人	UNK_EN
name	约翰	ReverseEntailment	称,名,目,称号,名义	UNK_EN
end	破坏	ReverseEntailment	头,末,端,委,终结	destruction,damage
germany	英国	Exclusion	UNK_HI	UNK_EN
dog	狗	Equivalence	狗,犬	dog
olympic	国际奥林匹克委员会	OtherRelated	UNK_HI	UNK_EN
person	儿童	ReverseEntailment	人,人物,人士,员,东西	child
mouse	老鼠	Equivalence	老鼠,鼠,小鼠,鼷,小家鼠	rat,mouse
past	前任的	ReverseEntailment	往,既往	UNK_EN
musician	艺术家	ForwardEntailment	音乐家,演奏者,乐师	artist
making	制作	Equivalence	UNK_HI	UNK_EN
playing	演出	Equivalence	UNK_HI	performance,concert,show
toy	玩	ForwardEntailment	玩,玩具,玩意	toy
full	填	Equivalence	满,充分,毕,弥,充实	UNK_EN
father	儿童	Exclusion	父亲,父,翁,严,老子	child
propose	宣布	Equivalence	UNK_HI	UNK_EN
research	探测	ForwardEntailment	研究,研,调研,研析,揅	exploration
german	奥地利	Exclusion	UNK_HI	UNK_EN
european	英国的	ReverseEntailment	UNK_HI	UNK_EN
usually	通常	Equivalence	通常,率,往往,素,平日	regular,usual,normal,usually,normally
european	欧洲	Equivalence	UNK_HI	UNK_EN
walk	游行	ReverseEntailment	步,跞,走道	march,parade,demonstration
illness	疾病	Equivalence	病,症,病患,病症,症候	disease,sickness,ailment
face	身体	ForwardEntailment	面,表面,脸,面貌,脸部	UNK_EN
wall	篱笆	ReverseEntailment	墙,壁,墙壁,垣,堵	UNK_EN
plan	预算	OtherRelated	设计,计划,规划,方案,打算	budget
crime	行为	ForwardEntailment	犯罪,罪,罪行,犯,罪恶	action,conduct,behavior,activity
choose	选择	Equivalence	UNK_HI	choice,option,alternative
instrument	吉他	ReverseEntailment	工具,具,仪器,器械	UNK_EN
south	北	Exclusion	南,南方,南面,南边	north
organisation	非政府组织	ReverseEntailment	UNK_HI	UNK_EN
player	播放机	Equivalence	玩者,竞赛者	UNK_EN
live	杀	Exclusion	UNK_HI	UNK_EN
country	波斯尼亚	ReverseEntailment	国家,国,邦,江山,国度	UNK_EN
lose	获得	Exclusion	UNK_HI	UNK_EN
unemployment	失业	Equivalence	失业,失职	unemployment
india	国家	ForwardEntailment	UNK_HI	country,nation,state
river	自然	ForwardEntailment	河,水,河流,江,川	nature,natural,naturally
run	玩	ForwardEntailment	UNK_HI	toy
national	国家	Equivalence	全国,国,国立,全国性,对内	country,nation,state
turk	人	ForwardEntailment	UNK_HI	man,person,people
shaanxi	中国	ForwardEntailment	UNK_HI	UNK_EN
union	欧洲联盟	ReverseEntailment	和,会,联盟,联邦,社团	UNK_EN
light	暗	Exclusion	轻,光,光明,灯,光线	dark,gloomy,hidden,secret,muddled,obscure,muddled,stupid,ignorant
leave	撤离	Equivalence	UNK_HI	UNK_EN
china	中文	ReverseEntailment	瓷	UNK_EN
peacekeeping	灾害	Exclusion	维和	calamity,disaster
wife	儿子	Exclusion	妻子,女人,妻,太太,家室	son
person	演员	ReverseEntailment	人,人物,人士,员,东西	performer
young	成人	Exclusion	小,少,年轻,毛,弱	adult
specific	详细	Equivalence	特定,具体,个别,独有,特异性	detailed,minute
winner	候选人	ForwardEntailment	赢家,胜利者,幸运儿	candidate
soccer	棒球	Exclusion	足球	baseball
side	山坡	ReverseEntailment	方面,面,头,方,旁	hillside
group	部门	ReverseEntailment	会,派,集团,队,团体	department,branch,section,division
pastrana	哥伦比亚	ForwardEntailment	UNK_HI	UNK_EN
time	天	ReverseEntailment	时,时间,期间,回,时候	day,sky,heaven
race	种族	Equivalence	种族,族,竞赛,族类	race,ethnicity
someone	人	Equivalence	有人,某人	man,person,people
olive	油	ForwardEntailment	橄榄,榄,橄	oil,fat,grease,petroleum,oily,greasy,glib,cunning
person	女人	ReverseEntailment	人,人物,人士,员,东西	woman,wife
population	人类	OtherRelated	人口,人口数,人丁	humanity,mankind
world	书	OtherRelated	世界,世,天地,世间,舆	book,letter,document
decade	十年	Equivalence	UNK_HI	UNK_EN
settler	犹太	ReverseEntailment	殖民者,定居者	UNK_EN
purse	袋	ForwardEntailment	囊,钱包,荷包,钱袋	pouch,bag,sack,pocket
evacuation	疏散	Equivalence	UNK_HI	scattered
nafta	美洲自由贸易区	ForwardEntailment	UNK_HI	UNK_EN
ship	船	Equivalence	船,船只,轮船,航,舶	boat,vessel,ship
small	巨大	Exclusion	区,小,芮,戋,裨	huge,immense,tremendous,gigantic,enormous
opposition	抗议	ReverseEntailment	反对	protest
sector	行业	OtherRelated	环节,区块	industry,business
soil	环境	ForwardEntailment	土地,土壤,泥土,壤	environment,circumstances,surroundings,ambient
center	区域	ForwardEntailment	中,中心,中央,心,正中	area,region,district
boy	宝宝	ReverseEntailment	男孩,男生,童子,男童,男儿	darling,baby
minister	领导	ForwardEntailment	部长,公使	lead,leading,leadership,leader
yard	领域	ForwardEntailment	厂,院子,厂子	domain,sphere,field,territory,area
parent	公民	ForwardEntailment	亲,戚	citizen
marine	栖息地	ForwardEntailment	海产	habitat
prison	监狱	Equivalence	监狱,监,狱,牢狱,地牢	prison
official	雇员	ForwardEntailment	正式,官,干部,郎,官吏	employee
service	提供	OtherRelated	服务,业务,运营,功,勤务	UNK_EN
do	抓住	ReverseEntailment	UNK_HI	UNK_EN
petroleum	油	ForwardEntailment	石油,油	oil,fat,grease,petroleum,oily,greasy,glib,cunning
evacuated	撤离	Equivalence	UNK_HI	UNK_EN
won	失去	OtherRelated	UNK_HI	UNK_EN
state	国家	OtherRelated	国家,国,状态,状况,状	country,nation,state
talk	会话	Equivalence	话,报告,谈话,说话,风声	conversation
service	帮助	ReverseEntailment	服务,业务,运营,功,勤务	assistance,aid
dancer	舞蹈	OtherRelated	舞者,舞蹈家	dancing
rod	鱼	OtherRelated	棍,杠,棍子,棒材	fish
protecting	保护	Equivalence	UNK_HI	protection
space	地球	ReverseEntailment	地方,空间,空,场地,空格	UNK_EN
someone	人	ForwardEntailment	有人,某人	man,person,people
man	家伙	Equivalence	人,汉,夫,男士,汉子	chap,weapon
person	所有者	ReverseEntailment	人,人物,人士,员,东西	proprietor,owner
israelis	以色列	ForwardEntailment	UNK_HI	UNK_EN
vehicle	汽车	Equivalence	车,车辆,媒介,交通工具,载具	car,automobile,bus
asian	亚洲	ForwardEntailment	UNK_HI	UNK_EN
fence	壁	ReverseEntailment	藩,围墙,栏,围栏,栅栏	wall,rampart
phone	移动	ReverseEntailment	UNK_HI	movement,migration,mobile,portable
president	国家	OtherRelated	UNK_HI	country,nation,state
server	电脑	ForwardEntailment	主机	computer
winner	胜利	ForwardEntailment	赢家,胜利者,幸运儿	victory
capital	巴格达	ReverseEntailment	资金,资,本金,本钱,老本	UNK_EN
today	时间	ForwardEntailment	今,今日,今天,这天,本日	time,period
world	环境	ReverseEntailment	世界,世,天地,世间,舆	environment,circumstances,surroundings,ambient
rock	音乐	ForwardEntailment	石,岩石,岩,石块,磐	music
world	全球	OtherRelated	世界,世,天地,世间,舆	entire,total,global,worldwide
rebel	叛乱	Equivalence	叛徒,反抗者	UNK_EN
state	以色列	ReverseEntailment	国家,国,状态,状况,状	UNK_EN
man	警察	ReverseEntailment	人,汉,夫,男士,汉子	police
people	人的	Equivalence	人,人口,人们,有人,普通人	UNK_EN
police	巡逻	ReverseEntailment	警察,警方,警,干警	UNK_EN
decade	时间	ForwardEntailment	UNK_HI	time,period
person	女孩	ReverseEntailment	人,人物,人士,员,东西	girl,lass
troops	军事	OtherRelated	军队,部队,部,队伍,兵力	military
slice	切	Equivalence	切片	definitely,eager
cost	预算	ForwardEntailment	费用,花费,代价,价款	budget
lawn	花园	ReverseEntailment	草地,草坪	garden
revenue	金融	ForwardEntailment	收入,营收,进项	banking,finance,financial
works	服务	OtherRelated	厂,书籍	service
colombian	哥伦比亚	OtherRelated	UNK_HI	UNK_EN
prove	证据	OtherRelated	UNK_HI	evidence,proof,testimony
world	半球	ReverseEntailment	世界,世,天地,世间,舆	hemisphere
hand	手指	ReverseEntailment	手,手笔	finger
people	岛民	ReverseEntailment	人,人口,人们,有人,普通人	islander
spain	卢森堡	Exclusion	UNK_HI	UNK_EN
dress	服饰	ForwardEntailment	服装,装,服,穿着,着装	apparel
southeast	区域性	ForwardEntailment	东南	regional
speak	言语	ReverseEntailment	UNK_HI	words,speech
emergency	紧急	Equivalence	紧急,突发事件,急难,紧急事件	urgent,emergency
show	音乐会	ReverseEntailment	演出,表现,表演,展览,戏	concert
boycott	禁止	ForwardEntailment	UNK_HI	UNK_EN
spacecraft	飞行	ReverseEntailment	航天器,宇宙飞船	flying,flight,aviation
marijuana	药物	ForwardEntailment	大麻	medicaments,pharmaceuticals,medication,medicine,drug
nation	公民	ReverseEntailment	国家,国,邦,国度,国族	citizen
game	篮球	ReverseEntailment	游戏,把戏,野味	basketball
face	眼睛	ReverseEntailment	面,表面,脸,面貌,脸部	eye
jordan	阿拉伯	ForwardEntailment	UNK_HI	UNK_EN
car	汽车	Equivalence	车,汽车	car,automobile,bus
years	许多	OtherRelated	岁月,年华,年载	many,much
start	到达	Exclusion	端,开端	UNK_EN
human	动物	ForwardEntailment	人性	animal
win	赢得	Equivalence	UNK_HI	UNK_EN
pacific	海洋	ForwardEntailment	UNK_HI	ocean
jobless	工作	Exclusion	无业	job,work,task
year	汽车	OtherRelated	年,岁,兹,载,春秋	car,automobile,bus
western	加勒比	ReverseEntailment	UNK_HI	UNK_EN
animals	象	ReverseEntailment	兽类	elephant,shape,form,appearance
tennis	球	ForwardEntailment	网球	ball,sphere,globe,match
favor	偏爱	Equivalence	德,恩,青睐,惠,恩德	preference,favorite
plant	环境	OtherRelated	植物,底线,坐探	environment,circumstances,surroundings,ambient
corp	公司	Equivalence	UNK_HI	company,firm,corporation,incorporated
environmentally	环境	Equivalence	UNK_HI	environment,circumstances,surroundings,ambient
people	儿童	ReverseEntailment	人,人口,人们,有人,普通人	child
fund	现金	OtherRelated	基金	cash
subject	研究	OtherRelated	主题,学科,主体,议题,标题	research
stocks	公司	OtherRelated	UNK_HI	company,firm,corporation,incorporated
woman	女	Equivalence	女性,女,女子,妇女,女人	female,woman,daughter
kid	宝宝	ReverseEntailment	UNK_HI	darling,baby
monkey	狗	Exclusion	猴,猴子,猴儿,猢	dog
news	广播	ReverseEntailment	新闻,信息,风,消息,音	broadcast,broadcasting
unite	组	ReverseEntailment	联合	group,team
slice	片	Equivalence	切片	disk,sheet,flake,film,partial,incomplete,one-sided
hillside	爬坡道	ForwardEntailment	山坡,阪	UNK_EN
place	本地	ReverseEntailment	所,位,地,处,地方	local
class	组	ForwardEntailment	等,类,门,班,种类	group,team
cent	镍	Exclusion	分钱	UNK_EN
green	蓝色	Exclusion	绿色,绿,菉,芊,滴翠	UNK_EN
street	路	ForwardEntailment	街道,街,大街,街头,涂	road,journey,route,sort,kind
dark	棕色	ReverseEntailment	黑,黑暗,暗,黎,深色	brown
marriage	一对	OtherRelated	婚姻,终身,亲,婚,婚事	couple,pair
salvador	危地马拉	Exclusion	UNK_HI	UNK_EN
monopoly	垄断	Equivalence	专利,专营,专卖,榷	UNK_EN
tall	低	Exclusion	高,乔,高大,襄,轩	low,beneath
plane	客机	ReverseEntailment	航班,刨子	UNK_EN
refinery	厂	ForwardEntailment	UNK_HI	factory,yard,depot,workhouse,works
say	表达	ReverseEntailment	UNK_HI	UNK_EN
nuclear	国际	OtherRelated	核,核子	international
come	带来	Equivalence	UNK_HI	UNK_EN
win	优胜者	OtherRelated	UNK_HI	UNK_EN
citizen	儿童	ReverseEntailment	公民,民	child
order	混沌	Exclusion	第,次,命令,程序,章	muddled
group	簇	Equivalence	会,派,集团,队,团体	crowded,bunch
sidewalk	路	ForwardEntailment	人行道,边路,走道,便道	road,journey,route,sort,kind
play	玩	Equivalence	表演,戏剧,戏	toy
center	机构	ReverseEntailment	中,中心,中央,心,正中	mechanism,structure,organization,agency,institution
soldier	公民	ForwardEntailment	士兵,战士,卒,军人,士	citizen
people	家庭	ReverseEntailment	人,人口,人们,有人,普通人	family,household
sand	地面	ForwardEntailment	沙,砂,沙子,砂子,粉土	floor,ground,surface
manufacture	开发	ForwardEntailment	产制	UNK_EN
walk	步行	Equivalence	步,跞,走道	UNK_EN
german	欧洲的	ForwardEntailment	UNK_HI	UNK_EN
group	人群	Equivalence	会,派,集团,队,团体	crowd
vehicle	汽车	ReverseEntailment	车,车辆,媒介,交通工具,载具	car,automobile,bus
stage	阶段	Equivalence	台,期,场,阶段,舞台	stage,section,phase,period
raise	提高	Equivalence	骞	UNK_EN
take	挑	Equivalence	UNK_HI	UNK_EN
banking	银行	OtherRelated	金融,银行业,银行业务	bank
rebel	激进	Equivalence	叛徒,反抗者	radical,extreme,extremist
woman	性别	ForwardEntailment	女性,女,女子,妇女,女人	gender,sex
more	许多	Equivalence	更,多,弥,多多	many,much
thursday	星期五	Exclusion	UNK_HI	UNK_EN
car	车辆	ForwardEntailment	车,汽车	vehicle
report	报纸	ForwardEntailment	报告,报道,报,汇报	newspaper,newsprint
soccer	玩	ForwardEntailment	足球	toy
tunnel	管	ForwardEntailment	隧道,坑,地道,坑道,地下通道	tube,pipe,woodwind,towards
fire	事故	ForwardEntailment	火力,火,燧,煚,燨	accident
world	北	ReverseEntailment	世界,世,天地,世间,舆	north
tower	纪念碑	OtherRelated	塔,层楼,高塔,楼台	monument
union	联盟	Equivalence	和,会,联盟,联邦,社团	alliance,union,coalition
webcam	相机	ForwardEntailment	摄像头	UNK_EN
small	大	Exclusion	区,小,芮,戋,裨	big,huge,large,major,great,wide,deep,oldest,eldest,greatly
half	量	ForwardEntailment	半,一半,半数,参半,半拉	capacity,quantity,amount
food	农业的	ForwardEntailment	食物,食品,食,饭,粮	UNK_EN
shoot	杀	ForwardEntailment	UNK_HI	UNK_EN
honor	奖	ReverseEntailment	荣誉,名誉,荣耀,荣,尊严	prize,award,encouragement
man	男孩	Exclusion	人,汉,夫,男士,汉子	boy
win	失去	OtherRelated	UNK_HI	UNK_EN
walk	人行道	ReverseEntailment	步,跞,走道	sidewalk
years	十二月	ReverseEntailment	岁月,年华,年载	UNK_EN
talk	呼叫	ForwardEntailment	话,报告,谈话,说话,风声	UNK_EN
uk	瑞士	Exclusion	UNK_HI	UNK_EN
rider	骑自行车的人	ReverseEntailment	骑马者	UNK_EN
economy	预算	ReverseEntailment	经济,节约,克俭	budget
territorial	州	OtherRelated	UNK_HI	prefecture
cook	煮	ReverseEntailment	厨师,厨子,濩,炊事员,庖厨	UNK_EN
large	巨大	Equivalence	大,大型,强大,曼,鸿	huge,immense,tremendous,gigantic,enormous
planet	火星	ReverseEntailment	行星,游星,惑星	spark
light	灯	ReverseEntailment	轻,光,光明,灯,光线	lamp,light,lantern
military	游击队	ReverseEntailment	军,军事,武装,兵,军方	UNK_EN
prize	诺贝尔	ReverseEntailment	奖,奖项,大奖,标,锦标	UNK_EN
french	法国	ForwardEntailment	UNK_HI	UNK_EN
man	人类	ForwardEntailment	人,汉,夫,男士,汉子	humanity,mankind
father	人	ForwardEntailment	父亲,父,翁,严,老子	man,person,people
tree	河	Exclusion	树,木,树木	river
diplomat	外交官	Equivalence	外交官,外交家	diplomat
report	工作	ForwardEntailment	报告,报道,报,汇报	job,work,task
protester	和平	Exclusion	示威者,抗议者	peace,peaceful
worldwide	国际	Equivalence	全球,全世界,环球,全球性	international
kid	家庭	OtherRelated	UNK_HI	family,household
reduce	控制	ForwardEntailment	UNK_HI	control
world	亚洲	ReverseEntailment	世界,世,天地,世间,舆	UNK_EN
basketball	球	ForwardEntailment	篮球	ball,sphere,globe,match
teenage	女孩	OtherRelated	UNK_HI	girl,lass
yasser	阿拉法特	Equivalence	UNK_HI	UNK_EN
reducing	降低	Equivalence	UNK_HI	UNK_EN
remote	遥远	Equivalence	远,缅,远程,遥远,粗	distant,remote
unity	联盟	ReverseEntailment	团结,统一性	alliance,union,coalition
spokesman	代表	Equivalence	UNK_HI	representative,delegate
doe	鹿	ForwardEntailment	雌鹿,麀	deer
venture	行业	OtherRelated	创业	industry,business
martial	艺术	ForwardEntailment	武,偈	art
standing	跑	Exclusion	站立,竖式,身量	off
weapon	剑	ReverseEntailment	武器,械,器械,家伙	UNK_EN
deal	协议	ReverseEntailment	优惠,松木	agreement,pact,protocol
measure	国内生产总值	ReverseEntailment	度,措施,度量,分量,衡	UNK_EN
query	回答	Exclusion	查询	UNK_EN
public	公民	ReverseEntailment	公开,公共,国立,官,公众	citizen
woman	候选人	ReverseEntailment	女性,女,女子,妇女,女人	candidate
world	巴黎	ReverseEntailment	世界,世,天地,世间,舆	UNK_EN
girl	女儿	ReverseEntailment	少女,女孩,女生,妮,姑娘	daughter
partner	会员	ForwardEntailment	对象,伙伴,伴侣,伴,搭档	member
guardsman	守护	ForwardEntailment	UNK_HI	UNK_EN
triumph	胜利	ForwardEntailment	大胜,捷	victory
federation	委员会	OtherRelated	联邦,联合会	committee
greek	雅典	ReverseEntailment	UNK_HI	UNK_EN
game	球	OtherRelated	游戏,把戏,野味	ball,sphere,globe,match
father	爸	Equivalence	父亲,父,翁,严,老子	father,dad,pa,papa
medicine	抗生素	ReverseEntailment	医学,药物,药,药品,医	antibiotic
woman	儿童	Exclusion	女性,女,女子,妇女,女人	child
guy	男孩	ReverseEntailment	小子	boy
run	提出	OtherRelated	UNK_HI	UNK_EN
month	十二月	ReverseEntailment	月,月份	UNK_EN
olympics	游戏	ForwardEntailment	UNK_HI	game
help	给	ReverseEntailment	助益,助力,补益	to,for
rise	提高	Equivalence	谡	UNK_EN
troops	士兵	ReverseEntailment	军队,部队,部,队伍,兵力	soldier
saturday	星期五	Exclusion	UNK_HI	UNK_EN
give	得到	Exclusion	UNK_HI	UNK_EN
top	屋顶	ReverseEntailment	面,盖,顶,极,尖峰	roof
sofa	家具	ForwardEntailment	UNK_HI	furniture
weapon	手枪	ReverseEntailment	武器,械,器械,家伙	pistol
short	长	Exclusion	短,低矮,小结,矬,俴	length,long,forever,always,constantly,chief,head,elder
railing	障碍	ForwardEntailment	栏杆,栏,阑,铁栏	barrier,obstruction,hindrance,impediment,obstacle
telephone	电话	Equivalence	电话	telephone
world	国际	Equivalence	世界,世,天地,世间,舆	international
ship	旗	Exclusion	船,船只,轮船,航,舶	flag,banner,flag
gasoline	加油站	Equivalence	汽油,挥发油	UNK_EN
hebron	市	ForwardEntailment	UNK_HI	market,city
telephone	设备	ForwardEntailment	电话	equipment,facilities,installations
write	纸	OtherRelated	UNK_HI	paper
international	加拿大	ReverseEntailment	国际,国际性	UNK_EN
teenager	青少年	Equivalence	青少年	adolescent,youth,teenager
hit	攻击	ReverseEntailment	掊	UNK_EN
person	家伙	ReverseEntailment	人,人物,人士,员,东西	chap,weapon
salvage	复苏	Equivalence	UNK_HI	anabiosis,anabiosis
explosive	攻击	ForwardEntailment	爆炸性,爆发性	UNK_EN
fire	篝火	ReverseEntailment	火力,火,燧,煚,燨	bonfire
playing	玩	Equivalence	UNK_HI	toy
uniform	衣服	ForwardEntailment	均,匀,划一,均质,匀净	clothes
people	乘客	ReverseEntailment	人,人口,人们,有人,普通人	passenger
sichuan	中国	ForwardEntailment	UNK_HI	UNK_EN
dress	服装	ForwardEntailment	服装,装,服,穿着,着装	dress,clothing,costume,clothes
palestinian	巴勒斯坦	OtherRelated	UNK_HI	UNK_EN
sweden	欧洲	ForwardEntailment	UNK_HI	UNK_EN
mother	女人	ForwardEntailment	母亲,母,妈妈,娘,娘娘	woman,wife
revive	愈合	ForwardEntailment	UNK_HI	UNK_EN
region	省	ReverseEntailment	地区,区,地方,郡,带	province
something	区域	ReverseEntailment	什么,某事,某物	area,region,district
waters	海	ReverseEntailment	水域	ocean,sea
stock	投资	ForwardEntailment	股份,枪托,库存,存货	investment
sea	悬崖	Exclusion	海,大海,溟	precipice
israeli	以色列	Equivalence	UNK_HI	UNK_EN
sunday	星期一	Exclusion	UNK_HI	UNK_EN
home	家庭	Equivalence	家,故乡,家里,家园,家居	family,household
phone	电话	Equivalence	UNK_HI	telephone
water	池塘	ReverseEntailment	水,溍	pool,pond
hole	地洞	ReverseEntailment	坑,坑,洞,孔,坎	tunnel,cave,burrow,dugout
wipe	去掉	Equivalence	UNK_HI	UNK_EN
part	中间	OtherRelated	部分,分,元,部,分子	between,intermediate,mid,middle
release	拘留	Exclusion	版本	UNK_EN
uk	国民	OtherRelated	UNK_HI	nationals,citizens
white	红色	Exclusion	白色,白,素,粉,暠	revolutionary
speech	讲台	OtherRelated	话,报告,语,词,言	platform,rostrum,lectern
find	发现	Equivalence	UNK_HI	UNK_EN
policeman	警察	Equivalence	员警	police
saudi	阿拉伯	ForwardEntailment	UNK_HI	UNK_EN
centre	中央	Equivalence	UNK_HI	central,middle,center
tower	建造	OtherRelated	塔,层楼,高塔,楼台	UNK_EN
germany	法兰克福	ReverseEntailment	UNK_HI	UNK_EN
damages	损伤	Equivalence	UNK_HI	impairment,loss,disability
container	碗	ReverseEntailment	包,笼子,盦	bowl,cup
death	死	Equivalence	死亡,离世,圆寂,故去,死命	impassable,uncrossable,inflexible,rigid,extremely,damned
dump	建立	Exclusion	UNK_HI	UNK_EN
few	单独	Exclusion	小,少数,少,些,鲜	alone
state	首都	ReverseEntailment	国家,国,状态,状况,状	UNK_EN
product	苹果	ReverseEntailment	产品,产,产物,品	apple
punishment	罚款	Equivalence	惩罚,制裁,刑罚,刑	penalty
young	孩子	Exclusion	小,少,年轻,毛,弱	child
country	巴格达	OtherRelated	国家,国,邦,江山,国度	UNK_EN
national	民主的	OtherRelated	全国,国,国立,全国性,对内	UNK_EN
treaty	协议	Equivalence	约,条约,合约,议定书	agreement,pact,protocol
rider	人	ForwardEntailment	骑马者	man,person,people
foundation	建立	Equivalence	根据,基础,基,依据,基座	UNK_EN
soldier	军事	ForwardEntailment	士兵,战士,卒,军人,士	military
march	七月	Exclusion	游行,步,步伐,远足	UNK_EN
party	工作	Exclusion	党,帮,一行,聚会,舞会	job,work,task
sweden	挪威	Exclusion	UNK_HI	UNK_EN
mogadishu	首都	ForwardEntailment	UNK_HI	UNK_EN
question	询问	Equivalence	问题,疑问,习题	UNK_EN
poll	选举	ReverseEntailment	UNK_HI	election
corporation	公司	Equivalence	公司,集团,有限公司,企业,法人	company,firm,corporation,incorporated
woman	淑女	Equivalence	女性,女,女子,妇女,女人	lady
stop	停	Equivalence	儅	UNK_EN
right	右	Equivalence	对,当,权利,权,然	UNK_EN
starting	准备	OtherRelated	UNK_HI	preparation
infant	女孩	ReverseEntailment	婴儿,幼儿,婴,婴孩	girl,lass
standing	座位	Exclusion	站立,竖式,身量	seat
foreign	欧洲	ReverseEntailment	外,对外,国外,外来,洋	UNK_EN
man	女人	Exclusion	人,汉,夫,男士,汉子	woman,wife
polio	疫情	ForwardEntailment	脊灰	UNK_EN
man	男	ForwardEntailment	人,汉,夫,男士,汉子	male
remove	放上	Exclusion	UNK_HI	UNK_EN
italy	国家	ForwardEntailment	UNK_HI	country,nation,state
quickly	快速	Equivalence	迅即,立时,霍然	fast,high-speed,rapid
receive	购买	Exclusion	膺	UNK_EN
royal	王	ReverseEntailment	皇家	grand,great
treatment	医	ForwardEntailment	待遇,疗法,对待	medical,medicine,doctor
food	商品	ForwardEntailment	食物,食品,食,饭,粮	commodity,goods,merchandise
up	上升	Equivalence	向上	UNK_EN
province	中国	ForwardEntailment	省,省份	UNK_EN
sedan	汽车	ForwardEntailment	UNK_HI	car,automobile,bus
somalia	摩加迪沙	ReverseEntailment	UNK_HI	UNK_EN
people	雇员	ReverseEntailment	人,人口,人们,有人,普通人	employee
federal	政府	OtherRelated	联邦,联邦制	government
support	反对	Exclusion	台,支持,撑,依托,支架	opposition
world	全球	Equivalence	世界,世,天地,世间,舆	entire,total,global,worldwide
drug	犯罪	ForwardEntailment	药物,药,药品,药剂	crime,offense
scooter	摩托车	ReverseEntailment	UNK_HI	motorbike
lose	有	Exclusion	UNK_HI	UNK_EN
debt	货币	OtherRelated	债务,饥荒,账,债,窟窿	currency,monetary,money
people	顾客	ReverseEntailment	人,人口,人们,有人,普通人	client,customer
magistrate	法官	Equivalence	府尹,行政长官,地保	judge
furniture	长椅	ReverseEntailment	家具,家什	bench
war	士兵	OtherRelated	战争,大战,战,战事,役	soldier
yuan	美元	Exclusion	UNK_HI	UNK_EN
snow	雨	Exclusion	雪,积雪,白雪	rain
loss	死亡	ReverseEntailment	损失,损伤,失落,赔本,失坠	death
nigeria	非洲	ForwardEntailment	UNK_HI	UNK_EN
child	孩子	Equivalence	子,儿童,孩子,儿,小孩	child
office	政府	OtherRelated	处,任,厅,机关,局	government
file	案件	ReverseEntailment	文件,列,档案,档,案	case,instance
officer	领导者	ForwardEntailment	干部,统领	leader
parts	区域	ForwardEntailment	UNK_HI	area,region,district
iraq	阿富汗	Exclusion	UNK_HI	UNK_EN
president	曼德拉	ReverseEntailment	UNK_HI	UNK_EN
sunni	什叶派	Exclusion	UNK_HI	UNK_EN
mitsubishi	公司	ForwardEntailment	UNK_HI	company,firm,corporation,incorporated
dell	电脑	ForwardEntailment	UNK_HI	computer
european	欧洲联盟	OtherRelated	UNK_HI	UNK_EN
spectator	人	ForwardEntailment	旁观,旁观者	man,person,people
house	城堡	ReverseEntailment	门,房屋,居,屋,房	castle
match	游戏	Equivalence	比赛,赛,球,对手,对抗赛	game
dark	光	Exclusion	黑,黑暗,暗,黎,深色	light,ray,bright,only,merely
loss	盈利	Exclusion	损失,损伤,失落,赔本,失坠	profit,gain
time	延迟	OtherRelated	时,时间,期间,回,时候	UNK_EN
food	农业	ForwardEntailment	食物,食品,食,饭,粮	agriculture,farming
microsoft	公司	ForwardEntailment	UNK_HI	company,firm,corporation,incorporated
man	女孩	Exclusion	人,汉,夫,男士,汉子	girl,lass
state	军队	ReverseEntailment	国家,国,状态,状况,状	army,troops
criticise	谴责	Equivalence	UNK_HI	condemnation,criticism
tree	松树	ReverseEntailment	树,木,树木	pine
state	荷兰	ReverseEntailment	国家,国,状态,状况,状	UNK_EN
kid	父亲	Exclusion	UNK_HI	father
woman	孩子	Exclusion	女性,女,女子,妇女,女人	child
ngo	非政府组织	Equivalence	UNK_HI	UNK_EN
bike	自行车	Equivalence	自行车,单车	bicycle,bike
iran	英国	Exclusion	UNK_HI	UNK_EN
storm	飓风	ReverseEntailment	风暴,波,暴风雨,疾风	hurricane
world	日本	ReverseEntailment	世界,世,天地,世间,舆	UNK_EN
vote	宣布	OtherRelated	投票,表决权	UNK_EN
inside	袋	Exclusion	内,里,之中,里面,之内	pouch,bag,sack,pocket
event	地震	ReverseEntailment	事件,顶目	earthquake
plane	飞机	Equivalence	航班,刨子	airplane
outdoor	室内	Exclusion	户外,室外	indoor
outside	内	Exclusion	外,之外,表面,外表,外来	inside,inner,internal,within,interior
arabia	阿拉伯	Equivalence	UNK_HI	UNK_EN
weapon	步枪	ReverseEntailment	武器,械,器械,家伙	rifle
puppy	狗	ForwardEntailment	小狗,小犬	dog
kill	刺客	OtherRelated	戡	assassin
pistol	枪	ForwardEntailment	手枪	gun,firearm,rifle,spear,rifle,spear
pc	电脑	Equivalence	UNK_HI	computer
cow	动物	ForwardEntailment	牛,牯	animal
people	投资者	ReverseEntailment	人,人口,人们,有人,普通人	investor
sniper	射击	ForwardEntailment	狙击手	UNK_EN
family	儿童	ReverseEntailment	家庭,家,家族,门,户	child
stone	纪念碑	OtherRelated	石,核,石头,石块,结石	monument
western	欧洲的	ReverseEntailment	UNK_HI	UNK_EN
bucket	篮子	Exclusion	桶,水桶,筲	basket
roadway	路	Equivalence	桥面,车行道	road,journey,route,sort,kind
mile	距离	ForwardEntailment	UNK_HI	distance
guerrilla	军队	OtherRelated	UNK_HI	army,troops
shore	边缘	ForwardEntailment	陆,畔,海滨,滨,岸	edge,fringe,verge,brink,periphery,marginal,borderline
people	人	Equivalence	人,人口,人们,有人,普通人	man,person,people
division	争议	Equivalence	科,部,部门,支,割据	controversy,dispute
female	女人	Equivalence	女,女子,雌性,雌,女同胞	woman,wife
model	人	ForwardEntailment	型,师,模型,典型,原型	man,person,people
killing	杀	Equivalence	搏杀	UNK_EN
kid	狗	Exclusion	UNK_HI	dog
person	淑女	ReverseEntailment	人,人物,人士,员,东西	lady
road	路径	Equivalence	道,路,道路,公路,线路	path,route,method
union	会员	OtherRelated	和,会,联盟,联邦,社团	member
coat	衣服	ForwardEntailment	外套,袄	clothes
kurdish	库尔德人	Equivalence	UNK_HI	UNK_EN
world	海地	ReverseEntailment	世界,世,天地,世间,舆	UNK_EN
yanukovych	亚努科维奇	Equivalence	UNK_HI	UNK_EN
meeting	组	ForwardEntailment	会议,集会,会面,会合,会晤	group,team
child	宝宝	ForwardEntailment	子,儿童,孩子,儿,小孩	darling,baby
workforce	工作	OtherRelated	UNK_HI	job,work,task
soviet	俄语	ReverseEntailment	UNK_HI	UNK_EN
member	伙伴	ReverseEntailment	成员,员,会员,团员,构件	partner,companion,comrade
sea	地球	ForwardEntailment	海,大海,溟	UNK_EN
part	部门	ReverseEntailment	部分,分,元,部,分子	department,branch,section,division
nobel	奖	ForwardEntailment	UNK_HI	prize,award,encouragement
say	报告	ReverseEntailment	UNK_HI	report,speech,talk,lecture
water	海洋	ReverseEntailment	水,溍	ocean
rolling	滚	Equivalence	轰隆	UNK_EN
presidency	候选人	ForwardEntailment	UNK_HI	candidate
people	人类	Equivalence	人,人口,人们,有人,普通人	humanity,mankind
saddam	侯赛因	OtherRelated	UNK_HI	UNK_EN
reelect	选举	ForwardEntailment	UNK_HI	election
automobile	汽车	Equivalence	汽车,自动车,内燃机车	car,automobile,bus
seas	湖泊	Exclusion	UNK_HI	lake
human	男孩	ReverseEntailment	人性	boy
return	来	ForwardEntailment	答	next
sulphur	硫	Equivalence	UNK_HI	UNK_EN
rest	小憩	Equivalence	休息	UNK_EN
skier	滑雪	ForwardEntailment	UNK_HI	skiing
cleanse	清洁	Equivalence	UNK_HI	clean
foreign	欧洲的	ReverseEntailment	外,对外,国外,外来,洋	UNK_EN
trick	魔术师	OtherRelated	着,机关,手段,手法,戏	magician
disease	癌症	ReverseEntailment	疾病,病,症,病患,病症	cancer
target	目标	Equivalence	目的,目标,对象,标,靶	target,goal,objective
paris	日内瓦	Exclusion	UNK_HI	UNK_EN
construction	建立	Equivalence	建设,施工,土木	UNK_EN
drug	麻	ReverseEntailment	药物,药,药品,药剂	hemp,sesame,pocked,pitted
victory	胜利	Equivalence	胜利,胜,捷,胜仗	victory
girls	女孩	Equivalence	UNK_HI	girl,lass
man	作者	ReverseEntailment	人,汉,夫,男士,汉子	author,writer
politics	政治	Equivalence	政治,政事,政,政治学,国事	politics,political
biking	自行车	Equivalence	UNK_HI	bicycle,bike
man	父亲	ReverseEntailment	人,汉,夫,男士,汉子	father
bombing	攻击	ForwardEntailment	UNK_HI	UNK_EN
girl	宝宝	ForwardEntailment	少女,女孩,女生,妮,姑娘	darling,baby
movie	电影	Equivalence	电影,影片,影,片子	movie,film
hands	身体	ForwardEntailment	UNK_HI	UNK_EN
language	阿拉伯	ReverseEntailment	语言,话,语,文,文辞	UNK_EN
photo	照片	Equivalence	摄,照,快照,像片	photograph,picture
language	盖尔	ReverseEntailment	语言,话,语,文,文辞	UNK_EN
small	小	Equivalence	区,小,芮,戋,裨	small,tiny,few,young
palestinian	以色列人	Exclusion	UNK_HI	UNK_EN
today	日常	ForwardEntailment	今,今日,今天,这天,本日	daily,everyday
policeman	官	ForwardEntailment	员警	governmental,official,public
artist	音乐家	ReverseEntailment	艺术家,涂家	musician
start	尝试	ReverseEntailment	端,开端	UNK_EN
school	建造	OtherRelated	学校,学院,派,宗,校	UNK_EN
mud	污垢	ForwardEntailment	泥,泥土,淖,泥泞,污泥	filth
economist	经济学	ForwardEntailment	经济学家	UNK_EN
slip	滑动	ForwardEntailment	UNK_HI	UNK_EN
library	大厅	OtherRelated	图书馆,文库,圕	hall,lounge
meal	餐饮	Equivalence	饭,膳食,餐,餐点	catering,repast
oil	化学	ForwardEntailment	石油,油,油脂,油料	chemistry,chemical
ukraine	国家	ForwardEntailment	UNK_HI	country,nation,state
water	生活	OtherRelated	水,溍	life,activity,livelihood
work	管理	ReverseEntailment	工作,事,事务,作业,劳动	management,administration
sweden	英国	Exclusion	UNK_HI	UNK_EN
war	战斗	ReverseEntailment	战争,大战,战,战事,役	struggle,battle
playwright	作者	OtherRelated	剧作家,戏剧家	author,writer
bomb	炸弹	Equivalence	炸弹,爆弹	bomb
united	集体	Equivalence	团结,同心,合众	UNK_EN
submerge	压倒	OtherRelated	UNK_HI	overwhelming
panel	板	ForwardEntailment	面板,背板	board,plank,plate,shutter,hard,stiff
people	成人	ReverseEntailment	人,人口,人们,有人,普通人	adult
play	踢	ReverseEntailment	表演,戏剧,戏	UNK_EN
war	争斗	ForwardEntailment	战争,大战,战,战事,役	struggle,war
vessel	船	Equivalence	船,船只,容器,艇,导管	boat,vessel,ship
full	空	Exclusion	满,充分,毕,弥,充实	empty,air,sky,vacant,unoccupied,space,leisure
several	少数	Equivalence	数,几个,几,些,三五	few,minority
nuclear	武器	ForwardEntailment	核,核子	weapon,arms
commander	命令	ForwardEntailment	指挥官,司令员,舰长,统领,司令官	order,command
likely	易于	Equivalence	容易	UNK_EN
romania	欧洲的	ForwardEntailment	UNK_HI	UNK_EN
evangelical	教会	ForwardEntailment	UNK_HI	UNK_EN
picture	照片	Equivalence	图,相,照片,画,画面	photograph,picture
animal	小狗	ReverseEntailment	动物,兽	pup,puppy
tan	红色	Exclusion	UNK_HI	revolutionary
grey	黑色	OtherRelated	UNK_HI	black
political	领导者	ReverseEntailment	政治,政,政治性	leader
walk	路面	OtherRelated	步,跞,走道	pavement
bookshop	售书	OtherRelated	UNK_HI	UNK_EN
weapon	滑膛枪	ReverseEntailment	武器,械,器械,家伙	UNK_EN
election	候选人	ReverseEntailment	选举	candidate
terrorist	反恐	Exclusion	恐怖,恐怖分子	anti-terrorism
shop	商业	ForwardEntailment	馆,商店,店,铺,店铺	business,trade,commerce
group	组	Equivalence	会,派,集团,队,团体	group,team
percent	数	ForwardEntailment	百分之,百分,百分率	number,figure,several,frequently,repeatedly
window	视窗	Equivalence	窗口,窗,窗户,窗子,窗扇	UNK_EN
senator	参议院	ForwardEntailment	参议员	senate
outdoors	在室内	Exclusion	露天	indoors
secret	机密	Equivalence	秘密,黑,密,秘,暗	secret
road	领域	ForwardEntailment	道,路,道路,公路,线路	domain,sphere,field,territory,area
sweden	芬兰	Exclusion	UNK_HI	UNK_EN
services	商业	ForwardEntailment	UNK_HI	business,trade,commerce
somebody	女人	ReverseEntailment	某甲	woman,wife
man	家伙	ForwardEntailment	人,汉,夫,男士,汉子	chap,weapon
rapidly	很快	Equivalence	一头,星驰	UNK_EN
baby	儿童	ForwardEntailment	婴儿,宝贝,娃,娃娃,宝宝	child
puerto	湾	ForwardEntailment	UNK_HI	bay,gulf
newspaper	报纸	Equivalence	报,报纸	newspaper,newsprint
value	首都	OtherRelated	价值,值,价	UNK_EN
spain	巴西	Exclusion	UNK_HI	UNK_EN
outdoors	户外	Equivalence	露天	outdoor
political	官方	ReverseEntailment	政治,政,政治性	government
iraq	费卢杰	ReverseEntailment	UNK_HI	UNK_EN
resident	人	ForwardEntailment	居民,常驻,驻节	man,person,people
victory	优胜者	Equivalence	胜利,胜,捷,胜仗	UNK_EN
floor	地毯	ReverseEntailment	地面,楼,地板,楼层,地台	carpet,rug
up	下	Exclusion	向上	down,downwards,below,lower,later
mistreatment	虐待	Equivalence	虐待,残虐	mistreatment,maltreatment
track	路	ForwardEntailment	跑道,径,轨迹,轨,足迹	road,journey,route,sort,kind
seize	力	OtherRelated	UNK_HI	power,force,strength,ability,strenuously
vegetable	水果	Exclusion	菜	fruit
kid	男孩	ReverseEntailment	UNK_HI	boy
have	拿到	Equivalence	抱有	UNK_EN
world	全球化	OtherRelated	世界,世,天地,世间,舆	globalization
produce	开发	Equivalence	出产,物产,孳	UNK_EN
explosion	攻击	ForwardEntailment	爆炸,轰,爆弹,爆声	UNK_EN
oil	液体	ForwardEntailment	石油,油,油脂,油料	liquid
kidnapping	绑架	Equivalence	UNK_HI	abduction,staking
tooth	牙齿	Equivalence	齿,牙齿,牙	tooth,dental
say	宣布	ReverseEntailment	UNK_HI	UNK_EN
stand	秋季	Exclusion	台,座,主张,台子,架子	autumn,fall
river	湖泊	Exclusion	河,水,河流,江,川	lake
parliamentary	选举	OtherRelated	UNK_HI	election
girl	男孩	Exclusion	少女,女孩,女生,妮,姑娘	boy
life	死	Exclusion	生活,生,世,命,身	impassable,uncrossable,inflexible,rigid,extremely,damned
sweden	欧洲的	ForwardEntailment	UNK_HI	UNK_EN
import	出口	Exclusion	寓意	UNK_EN
smoke	污染	ForwardEntailment	烟,烟雾,烟熏,烟气,云烟	pollution,contamination
dollar	货币	ForwardEntailment	UNK_HI	currency,monetary,money
weapon	核	ReverseEntailment	武器,械,器械,家伙	pit,stone,nucleus,nuclear
nobel	奖项	ForwardEntailment	UNK_HI	award,prize
weapon	刀	ReverseEntailment	武器,械,器械,家伙	knife,blade,cutlass
toxic	污染	ReverseEntailment	UNK_HI	pollution,contamination
year	天	ReverseEntailment	年,岁,兹,载,春秋	day,sky,heaven
water	流	ReverseEntailment	水,溍	UNK_EN
airborne	空气	ForwardEntailment	UNK_HI	air,atmosphere
swedish	国家	ForwardEntailment	UNK_HI	country,nation,state
little	大	Exclusion	UNK_HI	big,huge,large,major,great,wide,deep,oldest,eldest,greatly
somebody	淑女	ReverseEntailment	某甲	lady
win	胜利	Equivalence	UNK_HI	victory
wreck	下沉	OtherRelated	UNK_HI	UNK_EN
stream	河	ForwardEntailment	溪流,流程,水流,浜,浍	river
tour	音乐会	ReverseEntailment	旅游	concert
ground	壁	Exclusion	地,地面,地皮,地线	wall,rampart
force	指挥官	ReverseEntailment	部队,力量,动力,暴力,力	commander
white	绿色	Exclusion	白色,白,素,粉,暠	green
explosion	爆破	Equivalence	爆炸,轰,爆弹,爆声	dynamite,blast
world	欧洲的	ReverseEntailment	世界,世,天地,世间,舆	UNK_EN
norwegian	挪威	ForwardEntailment	UNK_HI	UNK_EN
person	人	Equivalence	人,人物,人士,员,东西	man,person,people
size	大	ReverseEntailment	个,号,大小,尺寸,个子	big,huge,large,major,great,wide,deep,oldest,eldest,greatly
homeopathy	顺势疗法	Equivalence	UNK_HI	UNK_EN
terrorist	恐怖分子	ReverseEntailment	恐怖,恐怖分子	terrorist
snake	动物	ForwardEntailment	蛇	animal
telephone	说话	OtherRelated	电话	talk,word
photograph	照片	Equivalence	照片,影,图片,相片	photograph,picture
tale	书	OtherRelated	故事	book,letter,document
old	老	Equivalence	陈,旧,故,古,古老	experienced,always,very,outdated
plant	宾语	OtherRelated	植物,底线,坐探	UNK_EN
uprising	革命的	ForwardEntailment	起义	UNK_EN
sport	赛跑	ReverseEntailment	UNK_HI	UNK_EN
infrastructure	施工	OtherRelated	架构,基础设施,基建,公共设施	construction
order	混乱	Exclusion	第,次,命令,程序,章	confusion,chaos,disorder
firing	射击	Equivalence	UNK_HI	UNK_EN
man	孩子	Exclusion	人,汉,夫,男士,汉子	child
very	快速	OtherRelated	可,很,非常,好,十分	fast,high-speed,rapid
river	湖	Exclusion	河,水,河流,江,川	lake
groom	新娘	Exclusion	新郎,马夫	bride
people	巴勒斯坦的	ReverseEntailment	人,人口,人们,有人,普通人	UNK_EN
cat	小猫	ReverseEntailment	猫	kitten
israeli	国家	ForwardEntailment	UNK_HI	country,nation,state
rmb	货币	ForwardEntailment	UNK_HI	currency,monetary,money
later	前	Exclusion	后,下,之后,后来,以后	front,forward,ahead,first,future,ago,before,former,formerly
cuba	国家	ForwardEntailment	UNK_HI	country,nation,state
sit	休息	ForwardEntailment	UNK_HI	rest
brussels	比利时	ForwardEntailment	UNK_HI	UNK_EN
fly	苍蝇	Equivalence	蝇	housefly
feet	足	Equivalence	UNK_HI	excessive,foot,ample
million	百	Exclusion	百万,兆	hundred,numerous
state	阿富汗	ReverseEntailment	国家,国,状态,状况,状	UNK_EN
indian	英语	Exclusion	UNK_HI	UNK_EN
magistrate	裁判官	Equivalence	府尹,行政长官,地保	judge
people	少数民族	ReverseEntailment	人,人口,人们,有人,普通人	UNK_EN
start	开始	Equivalence	端,开端	beginning,initial
white	颜色	ForwardEntailment	白色,白,素,粉,暠	color,countenance,appearance,pigment,dyestuff
boy	儿童	ForwardEntailment	男孩,男生,童子,男童,男儿	child
sidewalk	路面	ForwardEntailment	人行道,边路,走道,便道	pavement
drive	汽车	OtherRelated	精神,驱动器,魄力,志气,锐气	car,automobile,bus
massive	巨大	ForwardEntailment	厚重,硕大,巨量	huge,immense,tremendous,gigantic,enormous
fuel	能源	ForwardEntailment	燃料,油料,薪,荛	energy
germany	波恩	ReverseEntailment	UNK_HI	UNK_EN
lady	女人	Equivalence	夫人,女士,淑女	woman,wife
own	有	Equivalence	自备	UNK_EN
weapon	枪	ReverseEntailment	武器,械,器械,家伙	gun,firearm,rifle,spear,rifle,spear
soldier	攻击	OtherRelated	士兵,战士,卒,军人,士	UNK_EN
reject	抵制	Equivalence	UNK_HI	resistance,refusal
sketch	画	Equivalence	相声,素描,草稿,段子,剪影	picture,painting
cards	卡	ReverseEntailment	UNK_HI	cassette
child	宝宝	ReverseEntailment	子,儿童,孩子,儿,小孩	darling,baby
disease	关节炎	ReverseEntailment	疾病,病,症,病患,病症	arthritis
run	追	ReverseEntailment	UNK_HI	UNK_EN
korea	美国	Exclusion	UNK_HI	UNK_EN
muhammed	穆罕默德	Equivalence	UNK_HI	UNK_EN
country	阿拉伯	ReverseEntailment	国家,国,邦,江山,国度	UNK_EN
inhabitant	人口	ForwardEntailment	居民,住户,居住者,居人	population,people
eat	咬	OtherRelated	UNK_HI	UNK_EN
uphill	下坡	Exclusion	上坡	downhill
palestinian	阿拉法特	ReverseEntailment	UNK_HI	UNK_EN
demand	商业	OtherRelated	诉求	business,trade,commerce
lawn	领域	ForwardEntailment	草地,草坪	domain,sphere,field,territory,area
violence	力	ForwardEntailment	暴力	power,force,strength,ability,strenuously
terrorism	恐怖	ForwardEntailment	恐怖主义	terrible,frightful,frightening,terror,terrorist
buy	获得	ForwardEntailment	UNK_HI	UNK_EN
reduce	提高	Exclusion	UNK_HI	UNK_EN
meat	餐饮	ForwardEntailment	肉,肉类	catering,repast
tokyo	日本	ForwardEntailment	UNK_HI	UNK_EN
space	地面	ReverseEntailment	地方,空间,空,场地,空格	floor,ground,surface
indian	英国的	Exclusion	UNK_HI	UNK_EN
tobacco	药物	ForwardEntailment	烟草	medicaments,pharmaceuticals,medication,medicine,drug
shareholder	分享	OtherRelated	股东	UNK_EN
station	监狱	ReverseEntailment	台,站,驻地	prison
state	县	Exclusion	国家,国,状态,状况,状	county
reconstruction	重建	Equivalence	重建,重构	reconstruction,rebuilding
woman	有人	ForwardEntailment	女性,女,女子,妇女,女人	someone,people,anyone
country	巴西	ReverseEntailment	国家,国,邦,江山,国度	UNK_EN
tax	联邦	OtherRelated	课,捐	federal,federation,commonwealth,union
male	女	Exclusion	男,雄性,雄,佬	female,woman,daughter
rock	朋克	ReverseEntailment	石,岩石,岩,石块,磐	UNK_EN
person	马	Exclusion	人,人物,人士,员,东西	horse
hat	帽	Equivalence	冠,帽子,帽	hat,cap
france	国家	ForwardEntailment	UNK_HI	country,nation,state
policeman	人	ForwardEntailment	员警	man,person,people
water	油	Exclusion	水,溍	oil,fat,grease,petroleum,oily,greasy,glib,cunning
weapon	武器	Equivalence	武器,械,器械,家伙	weapon,arms
red	紫色	Exclusion	红,丹,赤,奭,彤	purple
attack	伏击	ReverseEntailment	进攻,捣,抨	ambush
product	电子产品	ReverseEntailment	产品,产,产物,品	UNK_EN
bomber	炸弹	ForwardEntailment	UNK_HI	bomb
drunk	喝	ForwardEntailment	醉醺醺	UNK_EN
river	液体	ForwardEntailment	河,水,河流,江,川	liquid
kid	青少年	ReverseEntailment	UNK_HI	adolescent,youth,teenager
won	赢得	Equivalence	UNK_HI	UNK_EN
duck	鸟	ForwardEntailment	鸭,鸭子,鹜	penis,bird,goddam
grassy	草	Equivalence	萃,如草	grass,straw,manuscript,careless,rough
parking	汽车	OtherRelated	泊车	car,automobile,bus
basketball	棒球	Exclusion	篮球	baseball
steak	肉	ForwardEntailment	牛排	meat,flesh,irresolute
scare	吓唬	Equivalence	UNK_HI	UNK_EN
joyfully	乐意	Equivalence	UNK_HI	content,satisfied
original	复制	Exclusion	原,本,最初,元,原本	UNK_EN
biker	自行车	OtherRelated	UNK_HI	bicycle,bike
welsh	威尔士	Equivalence	UNK_HI	UNK_EN
result	原因	Exclusion	结果,作用,效果,成果,果	cause,origin,reason
young	人	OtherRelated	小,少,年轻,毛,弱	man,person,people
